1;Aba;FALSE
2;Abád;FALSE
3;Abbás;FALSE
4;Abdiás;FALSE
5;Abdon;FALSE
6;Abdullah;FALSE
7;Ábel;FALSE
8;Abelárd;FALSE
9;Ábner;FALSE
10;Abod;FALSE
11;Abony;FALSE
12;Abos;FALSE
13;Abosa;FALSE
14;Ábrahám;FALSE
15;Ábrám;FALSE
16;Ábrán;FALSE
17;Ábris;FALSE
18;Absa;FALSE
19;Absolon;FALSE
20;Acél;FALSE
21;Achilles;FALSE
22;Achillesz;FALSE
23;Áchim;FALSE
24;Acsád;FALSE
25;Adalbert;FALSE
26;Ádám;FALSE
27;Adeboró;FALSE
28;Ádel;FALSE
29;Adelmár;FALSE
30;Áden;FALSE
31;Adeodát;FALSE
32;Ádér;FALSE
33;Ádin;FALSE
34;Adolár;FALSE
35;Adolf;FALSE
36;Ádomás;FALSE
37;Adonisz;FALSE
38;Adony;FALSE
39;Adorján;FALSE
40;Adrián;FALSE
41;Adriánó;FALSE
42;Agád;FALSE
43;Agamemnon;FALSE
44;Agapion;FALSE
45;Ágas;FALSE
46;Agaton;FALSE
47;Agenor;FALSE
48;Aggeus;FALSE
49;Agmánd;FALSE
50;Ágost;FALSE
51;Ágoston;FALSE
52;Ahillész;FALSE
53;Áhim;FALSE
54;Ahmed;FALSE
55;Airton;FALSE
56;Ajád;FALSE
57;Ajándok;FALSE
58;Ajtony;FALSE
59;Akács;FALSE
60;Akitó;FALSE
61;Ákos;FALSE
62;Aladár;FALSE
63;Aladdin;FALSE
64;Aladin;FALSE
65;Alajos;FALSE
66;Alán;FALSE
67;Alap;FALSE
68;Alárd;FALSE
69;Alarik;FALSE
70;Albert;FALSE
71;Albin;FALSE
72;Aldán;FALSE
73;Áldás;FALSE
74;Aldó;FALSE
75;Áldor;FALSE
76;Alek;FALSE
77;Alekszej;FALSE
78;Alen;FALSE
79;Alex;FALSE
80;Alexander;FALSE
81;Alfonz;FALSE
82;Alfréd;FALSE
83;Algernon;FALSE
84;Ali;FALSE
85;Alieu;FALSE
86;Almár;FALSE
87;Álmos;FALSE
88;Alpár;FALSE
89;Alperen ;FALSE
90;Álváró;FALSE
91;Alvián;FALSE
92;Alvin;FALSE
93;Amadé;FALSE
94;Amadeusz;FALSE
95;Amadó;FALSE
96;Amand;FALSE
97;Amar;FALSE
98;Amator;FALSE
99;Ambos;FALSE
100;Ambró;FALSE
101;Ambrus;FALSE
102;Ámer;FALSE
103;Amin;FALSE
104;Amir;FALSE
105;Ammar;FALSE
106;Ammon;FALSE
107;Ámon;FALSE
108;Amondó;FALSE
109;Ámor;FALSE
110;Ámos;FALSE
111;Anakin;FALSE
112;Anasztáz;FALSE
113;Anatol;FALSE
114;Andon;FALSE
115;Andor;FALSE
116;Andorás;FALSE
117;Andos;FALSE
118;András;FALSE
119;André;FALSE
120;Andrej;FALSE
121;Andzseló;FALSE
122;Angelus;FALSE
123;Angelusz;FALSE
124;Ángyán;FALSE
125;Anicét;FALSE
126;Aníziusz;FALSE
127;Antal;FALSE
128;Antigon;FALSE
129;Anton;FALSE
130;Antónió;FALSE
131;Antos;FALSE
132;Anzelm;FALSE
133;Ányos;FALSE
134;Apaj;FALSE
135;Apollinár;FALSE
136;Apolló;FALSE
137;Apor;FALSE
138;Apostol;FALSE
139;Apród;FALSE
140;Aracs;FALSE
141;Arad;FALSE
142;Aragorn;FALSE
143;Aram;FALSE
144;Aramisz;FALSE
145;Árav;FALSE
146;Archibald;FALSE
147;Árden;FALSE
148;Ardó;FALSE
149;Arek;FALSE
150;Árész;FALSE
151;Arétász;FALSE
152;Arián;FALSE
153;Arie;FALSE
154;Ariel;FALSE
155;Arif;FALSE
156;Arion;FALSE
157;Árisz;FALSE
158;Arisztid;FALSE
159;Ariton;FALSE
160;Arkád;FALSE
161;Árkád;FALSE
162;Árkos;FALSE
163;Arlen;FALSE
164;Árlen;FALSE
165;Armand;FALSE
166;Armandó;FALSE
167;Ármin;FALSE
168;Arnó;FALSE
169;Arnold;FALSE
170;Arnót;FALSE
171;Áron;FALSE
172;Árpád;FALSE
173;Arszák;FALSE
174;Árszen;FALSE
175;Arszlán;FALSE
176;Artemon;FALSE
177;Artúr;FALSE
178;Arus;FALSE
179;Arvéd;FALSE
180;Arvid;FALSE
181;Árvin;FALSE
182;Arzén;FALSE
183;Aser;FALSE
184;Áser;FALSE
185;Ashraf;FALSE
186;Asur;FALSE
187;Aszáf;FALSE
188;Aszmet;FALSE
189;Aszter;FALSE
190;Asztor;FALSE
191;Asztrik;FALSE
192;Ata;FALSE
193;Atád;FALSE
194;Atakám;FALSE
195;Atanáz;FALSE
196;Atilla;FALSE
197;Atlasz;FALSE
198;Aton;FALSE
199;Atos;FALSE
200;Atosz;FALSE
201;Attila;FALSE
202;Auguszt;FALSE
203;Augusztusz;FALSE
204;Aurél;FALSE
205;Aurélián;FALSE
206;Avenár;FALSE
207;Avidan;FALSE
208;Avner;FALSE
209;Axel;FALSE
210;Azár;FALSE
211;Azarél;FALSE
212;Azim;FALSE
213;Aziz;FALSE
214;Azriel;FALSE
215;Bács;FALSE
216;Bacsó;FALSE
217;Bagamér;FALSE
218;Baján;FALSE
219;Bajka;FALSE
220;Bajnok;FALSE
221;Bájron;FALSE
222;Bakács;FALSE
223;Baksa;FALSE
224;Bakta;FALSE
225;Balabán;FALSE
226;Baladéva;FALSE
227;Balambér;FALSE
228;Balár;FALSE
229;Balaráma;FALSE
230;Balassa;FALSE
231;Balázs;FALSE
232;Baldó;FALSE
233;Baldur;FALSE
234;Baldvin;FALSE
235;Balián;FALSE
236;Bálint;FALSE
237;Balla;FALSE
238;Balló;FALSE
239;Balmaz;FALSE
240;Baltazár;FALSE
241;Bán;FALSE
242;Bandó;FALSE
243;Bánk;FALSE
244;Bános;FALSE
245;Barabás;FALSE
246;Baracs;FALSE
247;Barakony;FALSE
248;Barangó;FALSE
249;Bardó;FALSE
250;Barla;FALSE
251;Barlám;FALSE
252;Barna;FALSE
253;Barnabás;FALSE
254;Barót;FALSE
255;Bars;FALSE
256;Barsz;FALSE
257;Barta;FALSE
258;Bartal;FALSE
259;Bartó;FALSE
260;Barton;FALSE
261;Bartos;FALSE
262;Báruk;FALSE
263;Bató;FALSE
264;Bátony;FALSE
265;Bátor;FALSE
266;Batu;FALSE
267;Batus;FALSE
268;Bazil;FALSE
269;Bazsó;FALSE
270;Becse;FALSE
271;Bedecs;FALSE
272;Bedõ;FALSE
273;Beke;FALSE
274;Bekény;FALSE
275;Bekes;FALSE
276;Békés;FALSE
277;Bekõ;FALSE
278;Béla;FALSE
279;Belár;FALSE
280;Belián;FALSE
281;Belizár;FALSE
282;Ben;FALSE
283;Benája;FALSE
284;Benammi;FALSE
285;Bence;FALSE
286;Bende;FALSE
287;Bendegúz;FALSE
288;Bendit;FALSE
289;Bene;FALSE
290;Benedek;FALSE
291;Benedikt;FALSE
292;Benediktusz;FALSE
293;Benett;FALSE
294;Béni;FALSE
295;Beniel;FALSE
296;Benignusz;FALSE
297;Benitó;FALSE
298;Benjamin;FALSE
299;Benjámin;FALSE
300;Benke;FALSE
301;Benkõ;FALSE
302;Bennó;FALSE
303;Benõ;FALSE
304;Bentli;FALSE
305;Benvenútó;FALSE
306;Berárd;FALSE
307;Bérc;FALSE
308;Bercel;FALSE
309;Bere;FALSE
310;Berec;FALSE
311;Berend;FALSE
312;Berengár;FALSE
313;Berény;FALSE
314;Berger;FALSE
315;Berián;FALSE
316;Beriszló;FALSE
317;Berke;FALSE
318;Berkó;FALSE
319;Bernárd;FALSE
320;Bernát;FALSE
321;Bertalan;FALSE
322;Bertel;FALSE
323;Bertil;FALSE
324;Bertin;FALSE
325;Bertold;FALSE
326;Berton;FALSE
327;Bertram;FALSE
328;Berzsián;FALSE
329;Bese;FALSE
330;Beten;FALSE
331;Betlen;FALSE
332;Bihar;FALSE
333;Björn;FALSE
334;Boáz;FALSE
335;Bocsárd;FALSE
336;Bod;FALSE
337;Bodó;FALSE
338;Bódog;FALSE
339;Bodomér;FALSE
340;Bodony;FALSE
341;Bodor;FALSE
342;Bogát;FALSE
343;Bogdán;FALSE
344;Bogumil;FALSE
345;Bohumil;FALSE
346;Bohus;FALSE
347;Boján;FALSE
348;Bojta;FALSE
349;Bojtor;FALSE
350;Bojtorján;FALSE
351;Boldizsár;FALSE
352;Boleszláv;FALSE
353;Bolivár;FALSE
354;Bolyk;FALSE
355;Bonaventúra;FALSE
356;Bonca;FALSE
357;Bongor;FALSE
358;Bonifác;FALSE
359;Bónis;FALSE
360;Bónó;FALSE
361;Borbás;FALSE
362;Borisz;FALSE
363;Borocs;FALSE
364;Boromir;FALSE
365;Boroszló;FALSE
366;Bors;FALSE
367;Borsa;FALSE
368;Botár;FALSE
369;Botir;FALSE
370;Botond;FALSE
371;Botos;FALSE
372;Bottyán;FALSE
373;Bozsidár;FALSE
374;Bozsó;FALSE
375;Bökény;FALSE
376;Böngér;FALSE
377;Brájen;FALSE
378;Bránkó;FALSE
379;Brendon;FALSE
380;Brett;FALSE
381;Brúnó;FALSE
382;Brútusz;FALSE
383;Buda;FALSE
384;Bulcsú;FALSE
385;Buldus;FALSE
386;Burak;FALSE
387;Buzád;FALSE
388;Buzát;FALSE
389;Cádók;FALSE
390;Cecilián;FALSE
391;Celesztin;FALSE
392;Cézár;FALSE
393;Ciceró;FALSE
394;Ciprián;FALSE
395;Cirill;FALSE
396;Cirják;FALSE
397;Cirjék;FALSE
398;Círus;FALSE
399;Cvi;FALSE
400;Csaba;FALSE
401;Csák;FALSE
402;Csanád;FALSE
403;Csát;FALSE
404;Csatád;FALSE
405;Csatár;FALSE
406;Csató;FALSE
407;Csed;FALSE
408;Csege;FALSE
409;Csegõ;FALSE
410;Csejte;FALSE
411;Cseke;FALSE
412;Csekõ;FALSE
413;Csemen;FALSE
414;Csenger;FALSE
415;Csépán;FALSE
416;Csepel;FALSE
417;Cserjén;FALSE
418;Csete;FALSE
419;Csetény;FALSE
420;Csikó;FALSE
421;Csingiz;FALSE
422;Csobád;FALSE
423;Csobajd;FALSE
424;Csobán;FALSE
425;Csobánc;FALSE
426;Csolt;FALSE
427;Csoma;FALSE
428;Csombor;FALSE
429;Csomor;FALSE
430;Csongor;FALSE
431;Csörsz;FALSE
432;Dagobert;FALSE
433;Dagomér;FALSE
434;Dakó;FALSE
435;Dalia;FALSE
436;Dalibor;FALSE
437;Dalton;FALSE
438;Damáz;FALSE
439;Damián;FALSE
440;Damír;FALSE
441;Damján;FALSE
442;Damos;FALSE
443;Dániel;FALSE
444;Daniló;FALSE
445;Dános;FALSE
446;Dante;FALSE
447;Daren;FALSE
448;Dárió;FALSE
449;Dárius;FALSE
450;Dáriusz;FALSE
451;Dárkó;FALSE
452;Darnel;FALSE
453;Dasztin;FALSE
454;Dávid;FALSE
455;Décse;FALSE
456;Deján;FALSE
457;Dejte;FALSE
458;Delánó;FALSE
459;Deli;FALSE
460;Deme;FALSE
461;Demény;FALSE
462;Demeter;FALSE
463;Demjén;FALSE
464;Dénes;FALSE
465;Dengezik;FALSE
466;Denisz;FALSE
467;Denton;FALSE
468;Deodát;FALSE
469;Derek;FALSE
470;Derel;FALSE
471;Ders;FALSE
472;Derzs;FALSE
473;Dés;FALSE
474;Detre;FALSE
475;Dévald;FALSE
476;Devecser;FALSE
477;Dexter;FALSE
478;Dezmér;FALSE
479;Dezsér;FALSE
480;Dezsider;FALSE
481;Dezsõ;FALSE
482;Diaz;FALSE
483;Diegó;FALSE
484;Dienes;FALSE
485;Dijár;FALSE
486;Dilen;FALSE
487;Dilon;FALSE
488;Dimitri;FALSE
489;Dimitrij;FALSE
490;Dioméd;FALSE
491;Ditmár;FALSE
492;Doboka;FALSE
493;Dókus;FALSE
494;Doma;FALSE
495;Domán;FALSE
496;Dománd;FALSE
497;Domicián;FALSE
498;Dominik;FALSE
499;Domokos;FALSE
500;Domonkos;FALSE
501;Domos;FALSE
502;Donald;FALSE
503;Donát;FALSE
504;Donátó;FALSE
505;Donoven;FALSE
506;Dorel;FALSE
507;Dorián;FALSE
508;Dorion;FALSE
509;Dormán;FALSE
510;Dormánd;FALSE
511;Doroteó;FALSE
512;Dotán;FALSE
513;Dov;FALSE
514;Dózsa;FALSE
515;Döme;FALSE
516;Dömjén;FALSE
517;Dömös;FALSE
518;Dömötör;FALSE
519;Dragan;FALSE
520;Drasek;FALSE
521;Dukász;FALSE
522;Dusán;FALSE
523;Dzsamal;FALSE
524;Dzsárgál;FALSE
525;Dzsasztin;FALSE
526;Dzserald;FALSE
527;Dzsingiz;FALSE
528;Dzsínó;FALSE
529;Dzsúlió;FALSE
530;Ében;FALSE
531;Ecse;FALSE
532;Ede;FALSE
533;Edekon;FALSE
534;Edgár;FALSE
535;Edizon;FALSE
536;Edmond;FALSE
537;Edmund;FALSE
538;Edömér;FALSE
539;Edrik;FALSE
540;Eduán;FALSE
541;Eduárd;FALSE
542;Eduárdó;FALSE
543;Edvárd;FALSE
544;Edvin;FALSE
545;Efe;FALSE
546;Efraim;FALSE
547;Efrém;FALSE
548;Egbert;FALSE
549;Egmont;FALSE
550;Egon;FALSE
551;Egyed;FALSE
552;Éhúd;FALSE
553;Ékám;FALSE
554;Elád;FALSE
555;Eldon;FALSE
556;Elek;FALSE
557;Elemér;FALSE
558;Éli;FALSE
559;Eliáb;FALSE
560;Elián;FALSE
561;Éliás;FALSE
562;Eliél;FALSE
563;Eliézer;FALSE
564;Elígiusz;FALSE
565;Elihú;FALSE
566;Eliot;FALSE
567;Elizeus;FALSE
568;Ellák;FALSE
569;Elmár;FALSE
570;Elmó;FALSE
571;Élon;FALSE
572;Elõd;FALSE
573;Elton;FALSE
574;Elvir;FALSE
575;Emánuel;FALSE
576;Emeka;FALSE
577;Emil;FALSE
578;Emilián;FALSE
579;Emir;FALSE
580;Emmett;FALSE
581;Emõd;FALSE
582;Endre;FALSE
583;Éneás;FALSE
584;Engelbert;FALSE
585;Engelhard;FALSE
586;Enki;FALSE
587;Énok;FALSE
588;Énók;FALSE
589;Enrikó;FALSE
590;Enzó;FALSE
591;Erazmus;FALSE
592;Erdõ;FALSE
593;Erhard;FALSE
594;Erik;FALSE
595;Erk;FALSE
596;Ernák;FALSE
597;Ernán;FALSE
598;Erneszt;FALSE
599;Ernesztó;FALSE
600;Ernik;FALSE
601;Ernõ;FALSE
602;Ernye;FALSE
603;Erõs;FALSE
604;Ervin;FALSE
605;Étán;FALSE
606;Ete;FALSE
607;Etele;FALSE
608;Etre;FALSE
609;Eugén;FALSE
610;Euszták;FALSE
611;Eutim;FALSE
612;Évald;FALSE
613;Evariszt;FALSE
614;Everard;FALSE
615;Evron;FALSE
616;Ezékiel;FALSE
617;Ezel;FALSE
618;Ezra;FALSE
619;Ézsaiás;FALSE
620;Fábián;FALSE
621;Fábió;FALSE
622;Fábiusz;FALSE
623;Fabó;FALSE
624;Fabríció;FALSE
625;Fabrícius;FALSE
626;Fabríciusz;FALSE
627;Fajsz;FALSE
628;Farkas;FALSE
629;Fausztusz;FALSE
630;Fedor;FALSE
631;Felicián;FALSE
632;Félix;FALSE
633;Ferdinánd;FALSE
634;Ferenc;FALSE
635;Fernandó;FALSE
636;Fernándó;FALSE
637;Fidél;FALSE
638;Filemon;FALSE
639;Filep;FALSE
640;Filibert;FALSE
641;Filip;FALSE
642;Filippó;FALSE
643;Filomén;FALSE
644;Fineás;FALSE
645;Flavián;FALSE
646;Flávió;FALSE
647;Fláviusz;FALSE
648;Florentin;FALSE
649;Flórián;FALSE
650;Flóris;FALSE
651;Fodor;FALSE
652;Folkus;FALSE
653;Fóris;FALSE
654;Fortunát;FALSE
655;Fortunátó;FALSE
656;Frank;FALSE
657;Franklin;FALSE
658;Frederik;FALSE
659;Frederíkó;FALSE
660;Frej;FALSE
661;Fremont;FALSE
662;Fridolin;FALSE
663;Frigyes;FALSE
664;Frodó;FALSE
665;Fülöp;FALSE
666;Gáber;FALSE
667;Gábor;FALSE
668;Gabos;FALSE
669;Gábos;FALSE
670;Gábri;FALSE
671;Gábriel;FALSE
672;Gál;FALSE
673;Gallusz;FALSE
674;Gálos;FALSE
675;Gandalf;FALSE
676;Gara;FALSE
677;Gáspár;FALSE
678;Gaszton;FALSE
679;Gaura;FALSE
680;Gazsó;FALSE
681;Gécsa;FALSE
682;Gede;FALSE
683;Gedeon;FALSE
684;Gedõ;FALSE
685;Gejza;FALSE
686;Gellén;FALSE
687;Gellért;FALSE
688;Geminián;FALSE
689;Geraszim;FALSE
690;Gerd;FALSE
691;Geréb;FALSE
692;Gereben;FALSE
693;Gergely;FALSE
694;Gergõ;FALSE
695;Gerhárd;FALSE
696;Gerjén;FALSE
697;Germán;FALSE
698;Gernot;FALSE
699;Gerold;FALSE
700;Gerõ;FALSE
701;Gerváz;FALSE
702;Gerzson;FALSE
703;Géza;FALSE
704;Gibárt;FALSE
705;Gida;FALSE
706;Gilbert;FALSE
707;Gilgames;FALSE
708;Girót;FALSE
709;Gisó;FALSE
710;Gobert;FALSE
711;Godó;FALSE
712;Godvin;FALSE
713;Gópál;FALSE
714;Gorán;FALSE
715;Gorda;FALSE
716;Gordon;FALSE
717;Gorgiás;FALSE
718;Gotárd;FALSE
719;Gotfrid;FALSE
720;Gothárd;FALSE
721;Gotlíb;FALSE
722;Góvardhan;FALSE
723;Góvinda;FALSE
724;Göncöl;FALSE
725;Gracián;FALSE
726;Gregor;FALSE
727;Guidó;FALSE
728;Gujdó;FALSE
729;Gusztáv;FALSE
730;Günter;FALSE
731;Gyárfás;FALSE
732;Gyécsa;FALSE
733;Gyeke;FALSE
734;Gyenes;FALSE
735;Gyoma;FALSE
736;Györe;FALSE
737;György;FALSE
738;Györk;FALSE
739;Györke;FALSE
740;Gyõzõ;FALSE
741;Gyula;FALSE
742;Habib;FALSE
743;Hadi;FALSE
744;Hadriel;FALSE
745;Hadúr;FALSE
746;Háfiz;FALSE
747;Hájim;FALSE
748;Hakim;FALSE
749;Hamid;FALSE
750;Hamilkár;FALSE
751;Hamza;FALSE
752;Hananjá;FALSE
753;Hannibál;FALSE
754;Hannó;FALSE
755;Harald;FALSE
756;Hari;FALSE
757;Harka;FALSE
758;Harkány;FALSE
759;Harlám;FALSE
760;Harri;FALSE
761;Hárs;FALSE
762;Harsány;FALSE
763;Hartvig;FALSE
764;Harun;FALSE
765;Hasszán;FALSE
766;Havel;FALSE
767;Hebron;FALSE
768;Hejkó;FALSE
769;Hektor;FALSE
770;Heliodor;FALSE
771;Héliosz;FALSE
772;Helmond;FALSE
773;Helmut;FALSE
774;Hendri;FALSE
775;Henrik;FALSE
776;Herbert;FALSE
777;Herkules;FALSE
778;Herman;FALSE
779;Hermész;FALSE
780;Hermiás;FALSE
781;Hermiusz;FALSE
782;Herold;FALSE
783;Hetény;FALSE
784;Hiador;FALSE
785;Hilár;FALSE
786;Hiláriusz;FALSE
787;Hilmár;FALSE
788;Hippolit;FALSE
789;Hódos;FALSE
790;Holden;FALSE
791;Holló;FALSE
792;Honor;FALSE
793;Honorát;FALSE
794;Honorátusz;FALSE
795;Honóriusz;FALSE
796;Hont;FALSE
797;Horác;FALSE
798;Horáció;FALSE
799;Horáciusz;FALSE
800;Horka;FALSE
801;Hõs;FALSE
802;Huba;FALSE
803;Hubert;FALSE
804;Hubertusz;FALSE
805;Hugó;FALSE
806;Humbert;FALSE
807;Hunor;FALSE
808;Hunyad;FALSE
809;Hümér;FALSE
810;Ibrahim;FALSE
811;Ibrány;FALSE
812;Idrisz;FALSE
813;Ignác;FALSE
814;Igor;FALSE
815;Iláj;FALSE
816;Ilán;FALSE
817;Ilárion;FALSE
818;Ildár;FALSE
819;Ildefonz;FALSE
820;Ilián;FALSE
821;Iliász;FALSE
822;Illés;FALSE
823;Ilmár;FALSE
824;Imbert;FALSE
825;Immánuel;FALSE
826;Imre;FALSE
827;Ince;FALSE
828;Indár;FALSE
829;Ingmár;FALSE
830;Ipoly;FALSE
831;Iréneusz;FALSE
832;Irnik;FALSE
833;István;FALSE
834;Isua;FALSE
835;Iszam;FALSE
836;Itiel;FALSE
837;Iván;FALSE
838;Ivár;FALSE
839;Ivó;FALSE
840;Ivor;FALSE
841;Ixion;FALSE
842;Izaiás;FALSE
843;Izidor;FALSE
844;Izmael;FALSE
845;Izor;FALSE
846;Izrael;FALSE
847;Izsák;FALSE
848;Izsó;FALSE
849;Jábin;FALSE
850;Jácint;FALSE
851;Jáfet;FALSE
852;Jagelló;FALSE
853;Jáir;FALSE
854;Jakab;FALSE
855;Jákim;FALSE
856;Jákó;FALSE
857;Jákob;FALSE
858;Jakus;FALSE
859;Janek;FALSE
860;Jankó;FALSE
861;Janó;FALSE
862;János;FALSE
863;Január;FALSE
864;Jánusz;FALSE
865;Járed;FALSE
866;Járfás;FALSE
867;Jászon;FALSE
868;Jávor;FALSE
869;Jázon;FALSE
870;Jefte;FALSE
871;Jelek;FALSE
872;Jeles;FALSE
873;Jenõ;FALSE
874;Jeremi;FALSE
875;Jeremiás;FALSE
876;Jermák;FALSE
877;Jernõ;FALSE
878;Jeromos;FALSE
879;Jetró;FALSE
880;Joáb;FALSE
881;Joachim;FALSE
882;Joáhim;FALSE
883;Joakim;FALSE
884;Joákim;FALSE
885;Jób;FALSE
886;Joel;FALSE
887;Johanán;FALSE
888;Jónás;FALSE
889;Jonatán;FALSE
890;Jordán;FALSE
891;Jozafát;FALSE
892;József;FALSE
893;Józsiás;FALSE
894;Józsua;FALSE
895;Józsué;FALSE
896;Júda;FALSE
897;Jukundusz;FALSE
898;Julián;FALSE
899;Juliánusz;FALSE
900;Júliusz;FALSE
901;Junior;FALSE
902;Jusztin;FALSE
903;Jusztusz;FALSE
904;Juszuf;FALSE
905;Jutas;FALSE
906;Jutocsa;FALSE
907;Juvenál;FALSE
908;Kaba;FALSE
909;Kabos;FALSE
910;Kada;FALSE
911;Kadicsa;FALSE
912;Kadisa;FALSE
913;Kadocsa;FALSE
914;Kadosa;FALSE
915;Káin;FALSE
916;Kajetán;FALSE
917;Kájusz;FALSE
918;Kál;FALSE
919;Káldor;FALSE
920;Káleb;FALSE
921;Kálmán;FALSE
922;Kamil;FALSE
923;Kamill;FALSE
924;Kamilló;FALSE
925;Kán;FALSE
926;Kandid;FALSE
927;Kanut;FALSE
928;Kapisztrán;FALSE
929;Kaplon;FALSE
930;Kaplony;FALSE
931;Kapolcs;FALSE
932;Kara;FALSE
933;Karacs;FALSE
934;Karácson;FALSE
935;Karád;FALSE
936;Karcsa;FALSE
937;Kardos;FALSE
938;Karim;FALSE
939;Karion;FALSE
940;Kármán;FALSE
941;Károly;FALSE
942;Karsa;FALSE
943;Kartal;FALSE
944;Kászon;FALSE
945;Kasszián;FALSE
946;Kasztor;FALSE
947;Katapán;FALSE
948;Kazimír;FALSE
949;Kázmér;FALSE
950;Keán;FALSE
951;Keled;FALSE
952;Kelemen;FALSE
953;Kelemér;FALSE
954;Kelen;FALSE
955;Kelén;FALSE
956;Kelvin;FALSE
957;Kemal;FALSE
958;Kemál;FALSE
959;Kemecse;FALSE
960;Kemenes;FALSE
961;Kénán;FALSE
962;Kende;FALSE
963;Kenese;FALSE
964;Kenéz;FALSE
965;Kerecsen;FALSE
966;Kerény;FALSE
967;Keresztély;FALSE
968;Keresztes;FALSE
969;Kerim;FALSE
970;Kerubin;FALSE
971;Késav;FALSE
972;Keszi;FALSE
973;Keszõ;FALSE
974;Ketel;FALSE
975;Keve;FALSE
976;Kevend;FALSE
977;Kevin;FALSE
978;Kian;FALSE
979;Kián;FALSE
980;Kien;FALSE
981;Kieran;FALSE
982;Kilán;FALSE
983;Kilény;FALSE
984;Kilián;FALSE
985;Kilit;FALSE
986;Kinizs;FALSE
987;Kirill;FALSE
988;Kiron;FALSE
989;Kirtan;FALSE
990;Kitán;FALSE
991;Klaudió;FALSE
992;Klaudiusz;FALSE
993;Klausz;FALSE
994;Kleofás;FALSE
995;Kleon;FALSE
996;Klétus;FALSE
997;Kocsárd;FALSE
998;Kofi;FALSE
999;Kolen;FALSE
1000;Kolin;FALSE
1001;Kolja;FALSE
1002;Kolos;FALSE
1003;Kolozs;FALSE
1004;Kolta;FALSE
1005;Kolumbán;FALSE
1006;Kolumbusz;FALSE
1007;Kond;FALSE
1008;Konor;FALSE
1009;Konrád;FALSE
1010;Konstantin;FALSE
1011;Kont;FALSE
1012;Koppány;FALSE
1013;Koridon;FALSE
1014;Koriolán;FALSE
1015;Kornél;FALSE
1016;Kornéliusz;FALSE
1017;Koron;FALSE
1018;Korvin;FALSE
1019;Kos;FALSE
1020;Kósa;FALSE
1021;Kovrat;FALSE
1022;Kozma;FALSE
1023;Kötöny;FALSE
1024;Kövecs;FALSE
1025;Kratosz;FALSE
1026;Kresimir;FALSE
1027;Krisna;FALSE
1028;Kristóf;FALSE
1029;Krisztián;FALSE
1030;Krisztofer;FALSE
1031;Krizantusz;FALSE
1032;Krizosztom;FALSE
1033;Krizsán;FALSE
1034;Kund;FALSE
1035;Kunó;FALSE
1036;Kurd;FALSE
1037;Kurszán;FALSE
1038;Kurt;FALSE
1039;Kusán;FALSE
1040;Kustyán;FALSE
1041;Kücsid;FALSE
1042;Kürt;FALSE
1043;Kventin;FALSE
1044;Laborc;FALSE
1045;Lád;FALSE
1046;Ladomér;FALSE
1047;Lajos;FALSE
1048;Lamar;FALSE
1049;Lambert;FALSE
1050;Lándor;FALSE
1051;Lantos;FALSE
1052;Largó;FALSE
1053;Larion;FALSE
1054;László;FALSE
1055;Laurent;FALSE
1056;Lázár;FALSE
1057;Lázó;FALSE
1058;Leander;FALSE
1059;Leandró;FALSE
1060;Leándrosz;FALSE
1061;Lehel;FALSE
1062;Lél;FALSE
1063;Lemmi;FALSE
1064;Lénárd;FALSE
1065;Lénárt;FALSE
1066;Lennon;FALSE
1067;Lennox;FALSE
1068;Leó;FALSE
1069;Leon;FALSE
1070;Leonárd;FALSE
1071;Leonárdó;FALSE
1072;Leonid;FALSE
1073;Leonidász;FALSE
1074;Leontin;FALSE
1075;Leopold;FALSE
1076;Lestár;FALSE
1077;Levéd;FALSE
1078;Levedi;FALSE
1079;Levente;FALSE
1080;Lévi;FALSE
1081;Levin;FALSE
1082;Liam;FALSE
1083;Liberátusz;FALSE
1084;Libériusz;FALSE
1085;Libor;FALSE
1086;Liboriusz;FALSE
1087;Libóriusz;FALSE
1088;Liem;FALSE
1089;Linasz;FALSE
1090;Lionel;FALSE
1091;Lior;FALSE
1092;Lipót;FALSE
1093;Lívió;FALSE
1094;Liviusz;FALSE
1095;Líviusz;FALSE
1096;Lizander;FALSE
1097;Lóci;FALSE
1098;Loik;FALSE
1099;Loránd;FALSE
1100;Lóránd;FALSE
1101;Loránt;FALSE
1102;Lóránt;FALSE
1103;Lorenzó;FALSE
1104;Lotár;FALSE
1105;Lõrinc;FALSE
1106;Lucián;FALSE
1107;Lúciusz;FALSE
1108;Ludvig;FALSE
1109;Lukács;FALSE
1110;Lukréciusz;FALSE
1111;Lüszien;FALSE
1112;Madocsa;FALSE
1113;Magnusz;FALSE
1114;Magor;FALSE
1115;Mahmud;FALSE
1116;Majlát;FALSE
1117;Majs;FALSE
1118;Makabeus;FALSE
1119;Makár;FALSE
1120;Malakiás;FALSE
1121;Malik;FALSE
1122;Manaén;FALSE
1123;Manassé;FALSE
1124;Mandel;FALSE
1125;Manfréd;FALSE
1126;Manó;FALSE
1127;Mánóah;FALSE
1128;Manóhar;FALSE
1129;Manszvét;FALSE
1130;Manuel;FALSE
1131;Mánuel;FALSE
1132;Manzur;FALSE
1133;Marcel;FALSE
1134;Marcell;FALSE
1135;Marcián;FALSE
1136;Március;FALSE
1137;Marcselló;FALSE
1138;Marián;FALSE
1139;Marinusz;FALSE
1140;Márió;FALSE
1141;Máriusz;FALSE
1142;Márk;FALSE
1143;Markel;FALSE
1144;Markó;FALSE
1145;Márkó;FALSE
1146;Márkus;FALSE
1147;Márkusz;FALSE
1148;Marlon;FALSE
1149;Marót;FALSE
1150;Marsal;FALSE
1151;Martin;FALSE
1152;Marton;FALSE
1153;Márton;FALSE
1154;Martos;FALSE
1155;Marvin;FALSE
1156;Matán;FALSE
1157;Máté;FALSE
1158;Mateó;FALSE
1159;Mateusz;FALSE
1160;Mattenai;FALSE
1161;Matteó;FALSE
1162;Mátyás;FALSE
1163;Mátyus;FALSE
1164;Mauríció;FALSE
1165;Mauró;FALSE
1166;Max;FALSE
1167;Maxim;FALSE
1168;Maximilián;FALSE
1169;Maximusz;FALSE
1170;Mazen;FALSE
1171;Medárd;FALSE
1172;Medox;FALSE
1173;Megyer;FALSE
1174;Melchior;FALSE
1175;Melhior;FALSE
1176;Meliton;FALSE
1177;Melkisédek;FALSE
1178;Memnon;FALSE
1179;Ménás;FALSE
1180;Mendel;FALSE
1181;Ménrót;FALSE
1182;Menyhért;FALSE
1183;Merlin;FALSE
1184;Merse;FALSE
1185;Metód;FALSE
1186;Mihály;FALSE
1187;Mika;FALSE
1188;Mikán;FALSE
1189;Mike;FALSE
1190;Mikeás;FALSE
1191;Mikes;FALSE
1192;Mikió;FALSE
1193;Miklós;FALSE
1194;Mikó;FALSE
1195;Miksa;FALSE
1196;Milán;FALSE
1197;Milen;FALSE
1198;Milián;FALSE
1199;Miló;FALSE
1200;Milorád;FALSE
1201;Milos;FALSE
1202;Milován;FALSE
1203;Miltiádész;FALSE
1204;Milton;FALSE
1205;Mirán;FALSE
1206;Mirkó;FALSE
1207;Miró;FALSE
1208;Miron;FALSE
1209;Misa;FALSE
1210;Misel;FALSE
1211;Miska;FALSE
1212;Miske;FALSE
1213;Misó;FALSE
1214;Mizse;FALSE
1215;Modesztusz;FALSE
1216;Mohamed;FALSE
1217;Móka;FALSE
1218;Monor;FALSE
1219;Monti;FALSE
1220;Mór;FALSE
1221;Mordeháj;FALSE
1222;Morgan;FALSE
1223;Móric;FALSE
1224;Mózes;FALSE
1225;Mózsi;FALSE
1226;Músza;FALSE
1227;Nabil;FALSE
1228;Nader;FALSE
1229;Nadim;FALSE
1230;Naftali;FALSE
1231;Nága;FALSE
1232;Naim;FALSE
1233;Nándor;FALSE
1234;Napóleon;FALSE
1235;Nárájan;FALSE
1236;Narcisszusz;FALSE
1237;Náron;FALSE
1238;Naróttama;FALSE
1239;Narutó;FALSE
1240;Naszim;FALSE
1241;Nasszer;FALSE
1242;Nátán;FALSE
1243;Nátánael;FALSE
1244;Nataniel;FALSE
1245;Navid;FALSE
1246;Názár;FALSE
1247;Nelzon;FALSE
1248;Nemere;FALSE
1249;Némó;FALSE
1250;Nenád;FALSE
1251;Nepomuk;FALSE
1252;Nergál;FALSE
1253;Néró;FALSE
1254;Nesztor;FALSE
1255;Nétus;FALSE
1256;Nétusz;FALSE
1257;Nevin;FALSE
1258;Nikander;FALSE
1259;Nikétás;FALSE
1260;Nikodémus;FALSE
1261;Nikodémusz;FALSE
1262;Nikolasz;FALSE
1263;Nikosz;FALSE
1264;Nilsz;FALSE
1265;Nimái;FALSE
1266;Nimer;FALSE
1267;Nimród;FALSE
1268;Nitái;FALSE
1269;Noam;FALSE
1270;Nodin;FALSE
1271;Noé;FALSE
1272;Noel;FALSE
1273;Nolan;FALSE
1274;Nolen;FALSE
1275;Nónusz;FALSE
1276;Norbert;FALSE
1277;Norik;FALSE
1278;Norisz;FALSE
1279;Norman;FALSE
1280;Norton;FALSE
1281;Norvard;FALSE
1282;Nurszultán;FALSE
1283;Nyék;FALSE
1284;Nyikoláj;FALSE
1285;Obed;FALSE
1286;Oberon;FALSE
1287;Odiló;FALSE
1288;Odin;FALSE
1289;Odisszeusz;FALSE
1290;Odó;FALSE
1291;Ódor;FALSE
1292;Oguz;FALSE
1293;Oktáv;FALSE
1294;Oktávián;FALSE
1295;Olaf;FALSE
1296;Olavi;FALSE
1297;Oldamur;FALSE
1298;Oleg;FALSE
1299;Olivér;FALSE
1300;Omár;FALSE
1301;Ompoly;FALSE
1302;Omri;FALSE
1303;Ond;FALSE
1304;Orbán;FALSE
1305;Orbó;FALSE
1306;Orda;FALSE
1307;Óren;FALSE
1308;Oresztész;FALSE
1309;Orfeusz;FALSE
1310;Orion;FALSE
1311;Orlandó;FALSE
1312;Ormos;FALSE
1313;Oros;FALSE
1314;Oszkár;FALSE
1315;Oszlár;FALSE
1316;Osszián;FALSE
1317;Oszvald;FALSE
1318;Otelló;FALSE
1319;Otmár;FALSE
1320;Otniel;FALSE
1321;Ottó;FALSE
1322;Ottokár;FALSE
1323;Oven;FALSE
1324;Ovídiusz;FALSE
1325;Ozirisz;FALSE
1326;Ozmin;FALSE
1327;Ozor;FALSE
1328;Ozul;FALSE
1329;Ozsvát;FALSE
1330;Ödön;FALSE
1331;Örkény;FALSE
1332;Örkönd;FALSE
1333;Örs;FALSE
1334;Õze;FALSE
1335;Özséb;FALSE
1336;Pál;FALSE
1337;Palkó;FALSE
1338;Pálos;FALSE
1339;Pamfil;FALSE
1340;Pantaleon;FALSE
1341;Páris;FALSE
1342;Parker;FALSE
1343;Paszkál;FALSE
1344;Patony;FALSE
1345;Patrícius;FALSE
1346;Patrik;FALSE
1347;Pázmán;FALSE
1348;Pázmány;FALSE
1349;Pelágiusz;FALSE
1350;Pelbárt;FALSE
1351;Pellegrin;FALSE
1352;Pentele;FALSE
1353;Penton;FALSE
1354;Peregrin;FALSE
1355;Periklész;FALSE
1356;Perjámos;FALSE
1357;Péter;FALSE
1358;Petõ;FALSE
1359;Petres;FALSE
1360;Petrik;FALSE
1361;Petróniusz;FALSE
1362;Petur;FALSE
1363;Petúr;FALSE
1364;Piládész;FALSE
1365;Pió;FALSE
1366;Piramusz;FALSE
1367;Piusz;FALSE
1368;Placid;FALSE
1369;Platón;FALSE
1370;Polidor;FALSE
1371;Polikárp;FALSE
1372;Pongor;FALSE
1373;Pongrác;FALSE
1374;Porfir;FALSE
1375;Pósa;FALSE
1376;Preszton;FALSE
1377;Prímusz;FALSE
1378;Principiusz;FALSE
1379;Rabán;FALSE
1380;Radamesz;FALSE
1381;Radiszló;FALSE
1382;Radó;FALSE
1383;Radomér;FALSE
1384;Rados;FALSE
1385;Radován;FALSE
1386;Radvány;FALSE
1387;Rafael;FALSE
1388;Ráfis;FALSE
1389;Ragnar;FALSE
1390;Rahim;FALSE
1391;Raid;FALSE
1392;Rajan;FALSE
1393;Rájen;FALSE
1394;Rajka;FALSE
1395;Rajmond;FALSE
1396;Rajmund;FALSE
1397;Rajnald;FALSE
1398;Rajnáld;FALSE
1399;Ralf;FALSE
1400;Rami;FALSE
1401;Ramiel;FALSE
1402;Ramirez;FALSE
1403;Ramiró;FALSE
1404;Ramiz;FALSE
1405;Ramón;FALSE
1406;Ramszesz;FALSE
1407;Rápolt;FALSE
1408;Rasid;FALSE
1409;Rasszel;FALSE
1410;Rátold;FALSE
1411;Raúf;FALSE
1412;Raul;FALSE
1413;Razmus;FALSE
1414;Rázsony;FALSE
1415;Redmond;FALSE
1416;Reginald;FALSE
1417;Regõ;FALSE
1418;Regös;FALSE
1419;Regõs;FALSE
1420;Reinhard;FALSE
1421;Remig;FALSE
1422;Rémus;FALSE
1423;Rémusz;FALSE
1424;Renátó;FALSE
1425;Renátusz;FALSE
1426;René;FALSE
1427;Réva;FALSE
1428;Rézmán;FALSE
1429;Rezsõ;FALSE
1430;Richárd;FALSE
1431;Rihárd;FALSE
1432;Rikárdó;FALSE
1433;Rikó;FALSE
1434;Rinaldó;FALSE
1435;Róbert;FALSE
1436;Robertó;FALSE
1437;Robin;FALSE
1438;Robinzon;FALSE
1439;Rodel;FALSE
1440;Roderik;FALSE
1441;Rodion;FALSE
1442;Rodrigó;FALSE
1443;Rodzser;FALSE
1444;Rokkó;FALSE
1445;Rókus;FALSE
1446;Roland;FALSE
1447;Rolf;FALSE
1448;Rollan;FALSE
1449;Román;FALSE
1450;Románó;FALSE
1451;Romárió;FALSE
1452;Romed;FALSE
1453;Rómeó;FALSE
1454;Romuald;FALSE
1455;Romulusz;FALSE
1456;Romvald;FALSE
1457;Ron;FALSE
1458;Ronald;FALSE
1459;Ronaldó;FALSE
1460;Ronel;FALSE
1461;Ronen;FALSE
1462;Roni;FALSE
1463;Ronin;FALSE
1464;Rua;FALSE
1465;Ruben;FALSE
1466;Rúben;FALSE
1467;Rudolf;FALSE
1468;Rúfusz;FALSE
1469;Ruga;FALSE
1470;Rupert;FALSE
1471;Rurik;FALSE
1472;Rusdi;FALSE
1473;Ruszlán;FALSE
1474;Rusztem;FALSE
1475;Ruven;FALSE
1476;Salamon;FALSE
1477;Sámson;FALSE
1478;Samu;FALSE
1479;Sámuel;FALSE
1480;Sándor;FALSE
1481;Sarel;FALSE
1482;Sas;FALSE
1483;Saul;FALSE
1484;Sebes;FALSE
1485;Sebestyén;FALSE
1486;Sebõ;FALSE
1487;Sebõk;FALSE
1488;Sejbán;FALSE
1489;Sém;FALSE
1490;Semjén;FALSE
1491;Sét;FALSE
1492;Simeon;FALSE
1493;Simó;FALSE
1494;Simon;FALSE
1495;Sion;FALSE
1496;Sjám;FALSE
1497;Slomó;FALSE
1498;Sobor;FALSE
1499;Solt;FALSE
1500;Solymár;FALSE
1501;Sólyom;FALSE
1502;Som;FALSE
1503;Soma;FALSE
1504;Spartakusz;FALSE
1505;Srídhara;FALSE
1506;Stefán;FALSE
1507;Surány;FALSE
1508;Surd;FALSE
1509;Suriel;FALSE
1510;Sükösd;FALSE
1511;Szabin;FALSE
1512;Szabolcs;FALSE
1513;Szaján;FALSE
1514;Szalárd;FALSE
1515;Szaléz;FALSE
1516;Szalók;FALSE
1517;Szalvátor;FALSE
1518;Szalviusz;FALSE
1519;Szamir;FALSE
1520;Szandró;FALSE
1521;Szaniszló;FALSE
1522;Szantiágó;FALSE
1523;Szantínó;FALSE
1524;Szatmár;FALSE
1525;Szavér;FALSE
1526;Szebáld;FALSE
1527;Szebasztián;FALSE
1528;Szecsõ;FALSE
1529;Szedrik;FALSE
1530;Szelemér;FALSE
1531;Szelestény;FALSE
1532;Szelim;FALSE
1533;Szemere;FALSE
1534;Szemír;FALSE
1535;Szendrõ;FALSE
1536;Szente;FALSE
1537;Szepes;FALSE
1538;Szeráf;FALSE
1539;Szerénd;FALSE
1540;Szerénusz;FALSE
1541;Szergej;FALSE
1542;Szergiusz;FALSE
1543;Szermond;FALSE
1544;Szervác;FALSE
1545;Szevér;FALSE
1546;Szeveréd;FALSE
1547;Szeverián;FALSE
1548;Szeverin;FALSE
1549;Szidor;FALSE
1550;Szigfrid;FALSE
1551;Szilamér;FALSE
1552;Szilárd;FALSE
1553;Szilas;FALSE
1554;Szilvánusz;FALSE
1555;Szilver;FALSE
1556;Szilvér;FALSE
1557;Szilveszter;FALSE
1558;Szilvió;FALSE
1559;Szilviusz;FALSE
1560;Szindbád;FALSE
1561;Szinisa;FALSE
1562;Szíriusz;FALSE
1563;Szixtusz;FALSE
1564;Szofron;FALSE
1565;Szókratész;FALSE
1566;Szólát;FALSE
1567;Szolón;FALSE
1568;Szórád;FALSE
1569;Szoren;FALSE
1570;Szorin;FALSE
1571;Szovárd;FALSE
1572;Szovát;FALSE
1573;Szörénd;FALSE
1574;Szörény;FALSE
1575;Szpartakusz;FALSE
1576;Sztefán;FALSE
1577;Szulejmán;FALSE
1578;Szven;FALSE
1579;Tacitusz;FALSE
1580;Taddeus;FALSE
1581;Tádé;FALSE
1582;Tadeusz;FALSE
1583;Takin;FALSE
1584;Taksony;FALSE
1585;Talabér;FALSE
1586;Talabor;FALSE
1587;Talamér;FALSE
1588;Táltos;FALSE
1589;Tamás;FALSE
1590;Tamerlán;FALSE
1591;Tankréd;FALSE
1592;Tar;FALSE
1593;Taráz;FALSE
1594;Tarcal;FALSE
1595;Tarcsa;FALSE
1596;Tardos;FALSE
1597;Tarek;FALSE
1598;Tarján;FALSE
1599;Tárkány;FALSE
1600;Tarsa;FALSE
1601;Tarzíciusz;FALSE
1602;Tas;FALSE
1603;Tasnád;FALSE
1604;Tasziló;FALSE
1605;Tege;FALSE
1606;Tegze;FALSE
1607;Temes;FALSE
1608;Tenger;FALSE
1609;Teó;FALSE
1610;Teobald;FALSE
1611;Teodor;FALSE
1612;Teofil;FALSE
1613;Terenc;FALSE
1614;Terestyén;FALSE
1615;Tétény;FALSE
1616;Tézeusz;FALSE
1617;Tibád;FALSE
1618;Tibériusz;FALSE
1619;Tibold;FALSE
1620;Tibor;FALSE
1621;Tiborc;FALSE
1622;Ticián;FALSE
1623;Tihamér;FALSE
1624;Timó;FALSE
1625;Timon;FALSE
1626;Timor;FALSE
1627;Timót;FALSE
1628;Timóteus;FALSE
1629;Timóteusz;FALSE
1630;Timoti;FALSE
1631;Timur;FALSE
1632;Timuzsin;FALSE
1633;Tirzusz;FALSE
1634;Titán;FALSE
1635;Titusz;FALSE
1636;Tivadar;FALSE
1637;Tiván;FALSE
1638;Tobán;FALSE
1639;Tóbiás;FALSE
1640;Tódor;FALSE
1641;Toma;FALSE
1642;Tomaj;FALSE
1643;Tomor;FALSE
1644;Tonuzóba;FALSE
1645;Torda;FALSE
1646;Tordas;FALSE
1647;Tormás;FALSE
1648;Torna;FALSE
1649;Torontál;FALSE
1650;Töhötöm;FALSE
1651;Tömör;FALSE
1652;Törtel;FALSE
1653;Trajánusz;FALSE
1654;Trevisz;FALSE
1655;Trevor;FALSE
1656;Trisztán;FALSE
1657;Tullió;FALSE
1658;Turul;FALSE
1659;Tuzson;FALSE
1660;Ubul;FALSE
1661;Údó;FALSE
1662;Ugocsa;FALSE
1663;Ugod;FALSE
1664;Ugor;FALSE
1665;Ugron;FALSE
1666;Ulászló;FALSE
1667;Uldin;FALSE
1668;Ulisszesz;FALSE
1669;Ulpián;FALSE
1670;Ulrik;FALSE
1671;Umbertó;FALSE
1672;Upor;FALSE
1673;Urbán;FALSE
1674;Uri;FALSE
1675;Uriás;FALSE
1676;Uriel;FALSE
1677;Uros;FALSE
1678;Uzon;FALSE
1679;Uzor;FALSE
1680;Üllõ;FALSE
1681;Vadim;FALSE
1682;Vadony;FALSE
1683;Vajda;FALSE
1684;Vajk;FALSE
1685;Vajta;FALSE
1686;Valdemár;FALSE
1687;Valdó;FALSE
1688;Valentin;FALSE
1689;Valentínó;FALSE
1690;Valér;FALSE
1691;Valérió;FALSE
1692;Valid;FALSE
1693;Valter;FALSE
1694;Valton;FALSE
1695;Várkony;FALSE
1696;Varsány;FALSE
1697;Vászoly;FALSE
1698;Vata;FALSE
1699;Vazul;FALSE
1700;Vázsony;FALSE
1701;Vejke;FALSE
1702;Velek;FALSE
1703;Vencel;FALSE
1704;Vendel;FALSE
1705;Vérbulcsú;FALSE
1706;Vern;FALSE
1707;Verner;FALSE
1708;Vernon;FALSE
1709;Versény;FALSE
1710;Vértes;FALSE
1711;Vetúriusz;FALSE
1712;Viátor;FALSE
1713;Vicián;FALSE
1714;Vid;FALSE
1715;Víd;FALSE
1716;Vida;FALSE
1717;Vidor;FALSE
1718;Vidos;FALSE
1719;Viggó;FALSE
1720;Vikram;FALSE
1721;Viktor;FALSE
1722;Vilibald;FALSE
1723;Vilmos;FALSE
1724;Vince;FALSE
1725;Vincent;FALSE
1726;Virgil;FALSE
1727;Virgíniusz;FALSE
1728;Vitálij;FALSE
1729;Vitális;FALSE
1730;Vitályos;FALSE
1731;Vitány;FALSE
1732;Vitéz;FALSE
1733;Vító;FALSE
1734;Vitold;FALSE
1735;Vitus;FALSE
1736;Vladek;FALSE
1737;Vladimír;FALSE
1738;Vojta;FALSE
1739;Volfram;FALSE
1740;Voren;FALSE
1741;Votan;FALSE
1742;Vulkán;FALSE
1743;Xavér;FALSE
1744;Xerxész;FALSE
1745;Zádor;FALSE
1746;Zafer;FALSE
1747;Zágon;FALSE
1748;Zain;FALSE
1749;Zajta;FALSE
1750;Zajzon;FALSE
1751;Zakari;FALSE
1752;Zakariás;FALSE
1753;Zakeus;FALSE
1754;Zala;FALSE
1755;Zalán;FALSE
1756;Zaman;FALSE
1757;Zámor;FALSE
1758;Zarán;FALSE
1759;Zaránd;FALSE
1760;Zdenkó;FALSE
1761;Zebadiás;FALSE
1762;Zebulon;FALSE
1763;Zeke;FALSE
1764;Zeki;FALSE
1765;Zekõ;FALSE
1766;Zéman;FALSE
1767;Zénó;FALSE
1768;Zenobiusz;FALSE
1769;Zenon;FALSE
1770;Zente;FALSE
1771;Zerénd;FALSE
1772;Zerind;FALSE
1773;Zéta;FALSE
1774;Zete;FALSE
1775;Zétény;FALSE
1776;Zeusz;FALSE
1777;Zev;FALSE
1778;Ziad;FALSE
1779;Zílió;FALSE
1780;Zimány;FALSE
1781;Zlatan;FALSE
1782;Zlatkó;FALSE
1783;Zoárd;FALSE
1784;Zobor;FALSE
1785;Zohár;FALSE
1786;Zolta;FALSE
1787;Zoltán;FALSE
1788;Zólyom;FALSE
1789;Zombor;FALSE
1790;Zongor;FALSE
1791;Zorán;FALSE
1792;Zorba;FALSE
1793;Zotmund;FALSE
1794;Zovárd;FALSE
1795;Zovát;FALSE
1796;Zuárd;FALSE
1797;Zuboly;FALSE
1798;Zuriel;FALSE
1799;Zsadán;FALSE
1800;Zsadány;FALSE
1801;Zserald;FALSE
1802;Zsigmond;FALSE
1803;Zsolt;FALSE
1804;Zsombor;FALSE
1805;Zsongor;FALSE
1806;Zsubor;FALSE
1807;Zsülien;FALSE
