1808;Abélia;TRUE
1809;Abiáta;TRUE
1810;Abigél;TRUE
1811;Ada;TRUE
1812;Adala;TRUE
1813;Adalberta;TRUE
1814;Adalbertina;TRUE
1815;Adalind;TRUE
1816;Adaora;TRUE
1817;Adél;TRUE
1818;Adela;TRUE
1819;Adéla;TRUE
1820;Adelaida;TRUE
1821;Adelgund;TRUE
1822;Adelgunda;TRUE
1823;Adelheid;TRUE
1824;Adélia;TRUE
1825;Adelin;TRUE
1826;Adelina;TRUE
1827;Adelinda;TRUE
1828;Adema;TRUE
1829;Adeodáta;TRUE
1830;Adina;TRUE
1831;Admira;TRUE
1832;Adolfina;TRUE
1833;Adonika;TRUE
1834;Adóra;TRUE
1835;Adria;TRUE
1836;Adriána;TRUE
1837;Adrianna;TRUE
1838;Adrienn;TRUE
1839;Adrienna;TRUE
1840;Áfonya;TRUE
1841;Áfra;TRUE
1842;Afrodita;TRUE
1843;Afrodité;TRUE
1844;Afszana;TRUE
1845;Agáta;TRUE
1846;Ági;TRUE
1847;Aglája;TRUE
1848;Aglent;TRUE
1849;Agnabella;TRUE
1850;Agnella;TRUE
1851;Ágnes;TRUE
1852;Agnéta;TRUE
1853;Ágosta;TRUE
1854;Ágota;TRUE
1855;Agrippína;TRUE
1856;Aida;TRUE
1857;Aina;TRUE
1858;Ainó;TRUE
1859;Aira;TRUE
1860;Aisa;TRUE
1861;Aisah;TRUE
1862;Ajándék;TRUE
1863;Ájlin;TRUE
1864;Ajna;TRUE
1865;Ajnácska;TRUE
1866;Ajnó;TRUE
1867;Ajra;TRUE
1868;Ajsa;TRUE
1869;Ajtonka;TRUE
1870;Akaiéna;TRUE
1871;Akilina;TRUE
1872;Alamea;TRUE
1873;Alaméa;TRUE
1874;Alana;TRUE
1875;Alba;TRUE
1876;Alberta;TRUE
1877;Albertin;TRUE
1878;Albertina;TRUE
1879;Albina;TRUE
1880;Alda;TRUE
1881;Áldáska;TRUE
1882;Aldea;TRUE
1883;Álea;TRUE
1884;Aléna;TRUE
1885;Aleszja;TRUE
1886;Alesszia;TRUE
1887;Alett;TRUE
1888;Aletta;TRUE
1889;Alexa;TRUE
1890;Alexandra;TRUE
1891;Alexandrin;TRUE
1892;Alexandrina;TRUE
1893;Alexia;TRUE
1894;Alfonza;TRUE
1895;Alfonzin;TRUE
1896;Alfonzina;TRUE
1897;Alfréda;TRUE
1898;Alia;TRUE
1899;Alica;TRUE
1900;Alicia;TRUE
1901;Alícia;TRUE
1902;Alida;TRUE
1903;Alina;TRUE
1904;Alinda;TRUE
1905;Alinka;TRUE
1906;Alirán;TRUE
1907;Alisa;TRUE
1908;Aliszia;TRUE
1909;Alissza;TRUE
1910;Alitta;TRUE
1911;Aliz;TRUE
1912;Alíz;TRUE
1913;Aliza;TRUE
1914;Alizé;TRUE
1915;Alízia;TRUE
1916;Allegra;TRUE
1917;Alma;TRUE
1918;Almanda;TRUE
1919;Almira;TRUE
1920;Almiréna;TRUE
1921;Almitra;TRUE
1922;Aloé;TRUE
1923;Alojzia;TRUE
1924;Aloma;TRUE
1925;Alóma;TRUE
1926;Alvina;TRUE
1927;Ama;TRUE
1928;Amábel;TRUE
1929;Amadea;TRUE
1930;Amadil;TRUE
1931;Amaja;TRUE
1932;Amál;TRUE
1933;Amália;TRUE
1934;Amana;TRUE
1935;Amanda;TRUE
1936;Amandina;TRUE
1937;Amarant;TRUE
1938;Amaranta;TRUE
1939;Amarill;TRUE
1940;Amarilla;TRUE
1941;Amarillisz;TRUE
1942;Amáta;TRUE
1943;Amázia;TRUE
1944;Ambrózia;TRUE
1945;Amelda;TRUE
1946;Ameli;TRUE
1947;Amélia;TRUE
1948;Amelita;TRUE
1949;Ametiszt;TRUE
1950;Amidala;TRUE
1951;Amilla;TRUE
1952;Amina;TRUE
1953;Ámina;TRUE
1954;Aminta;TRUE
1955;Amira;TRUE
1956;Amrita;TRUE
1957;Anabel;TRUE
1958;Anabell;TRUE
1959;Anabella;TRUE
1960;Anada;TRUE
1961;Anaisz;TRUE
1962;Anaszta;TRUE
1963;Anasztázia;TRUE
1964;Anatólia;TRUE
1965;Ancilla;TRUE
1966;Anda;TRUE
1967;Andelin;TRUE
1968;Andelina;TRUE
1969;Andi;TRUE
1970;Andrea;TRUE
1971;Andreina;TRUE
1972;Androméda;TRUE
1973;Anélia;TRUE
1974;Anelma;TRUE
1975;Anéta;TRUE
1976;Anett;TRUE
1977;Anetta;TRUE
1978;Ánfissza;TRUE
1979;Angéla;TRUE
1980;Angélia;TRUE
1981;Angelika;TRUE
1982;Angelina;TRUE
1983;Angella;TRUE
1984;Angyal;TRUE
1985;Angyalka;TRUE
1986;Ani;TRUE
1987;Ania;TRUE
1988;Anica;TRUE
1989;Anicéta;TRUE
1990;Aniella;TRUE
1991;Anika;TRUE
1992;Anikó;TRUE
1993;Anilla;TRUE
1994;Anima;TRUE
1995;Anina;TRUE
1996;Anisza;TRUE
1997;Anissza;TRUE
1998;Anita;TRUE
1999;Anitra;TRUE
2000;Anízia;TRUE
2001;Ánizs;TRUE
2002;Anka;TRUE
2003;Ankisza;TRUE
2004;Anna;TRUE
2005;Annabel;TRUE
2006;Annabell;TRUE
2007;Annabella;TRUE
2008;Annabori;TRUE
2009;Annakarina;TRUE
2010;Annakata;TRUE
2011;Annaleila;TRUE
2012;Annaléna;TRUE
2013;Annalilla;TRUE
2014;Annaliza;TRUE
2015;Annalujza;TRUE
2016;Annamari;TRUE
2017;Annamária;TRUE
2018;Annamira;TRUE
2019;Annamíra;TRUE
2020;Annaregina;TRUE
2021;Annaréka;TRUE
2022;Annarita;TRUE
2023;Annaróza;TRUE
2024;Annasára;TRUE
2025;Annaszofi;TRUE
2026;Annaszófia;TRUE
2027;Annavera;TRUE
2028;Annavirág;TRUE
2029;Annelin;TRUE
2030;Anni;TRUE
2031;Annika;TRUE
2032;Annunciáta;TRUE
2033;Anriett;TRUE
2034;Antea;TRUE
2035;Antigoné;TRUE
2036;Antoaneta;TRUE
2037;Antoanett;TRUE
2038;Antonella;TRUE
2039;Antónia;TRUE
2040;Antoniett;TRUE
2041;Antonietta;TRUE
2042;Anzelma;TRUE
2043;Apol;TRUE
2044;Apolka;TRUE
2045;Apollinária;TRUE
2046;Apollónia;TRUE
2047;Aporka;TRUE
2048;Appia;TRUE
2049;Ápril;TRUE
2050;Áprilka;TRUE
2051;Arabella;TRUE
2052;Aranka;TRUE
2053;Arany;TRUE
2054;Aranyka;TRUE
2055;Aranyos;TRUE
2056;Arenta;TRUE
2057;Ari;TRUE
2058;Aria;TRUE
2059;Ariadna;TRUE
2060;Ariadné;TRUE
2061;Ariana;TRUE
2062;Arianna;TRUE
2063;Ariéla;TRUE
2064;Ariella;TRUE
2065;Arienn;TRUE
2066;Arika;TRUE
2067;Arikán;TRUE
2068;Arina;TRUE
2069;Arinka;TRUE
2070;Arita;TRUE
2071;Arlett;TRUE
2072;Armanda;TRUE
2073;Armandina;TRUE
2074;Armella;TRUE
2075;Armida;TRUE
2076;Armilla;TRUE
2077;Ármina;TRUE
2078;Arna;TRUE
2079;Árnika;TRUE
2080;Arnolda;TRUE
2081;Árpádina;TRUE
2082;Artemisz;TRUE
2083;Artemízia;TRUE
2084;Artiana;TRUE
2085;Árvácska;TRUE
2086;Árven;TRUE
2087;Arzénia;TRUE
2088;Asma;TRUE
2089;Aszpázia;TRUE
2090;Asszunta;TRUE
2091;Asztéria;TRUE
2092;Asztrid;TRUE
2093;Asztrida;TRUE
2094;Atala;TRUE
2095;Atalanta;TRUE
2096;Atália;TRUE
2097;Atanázia;TRUE
2098;Atára;TRUE
2099;Aténa;TRUE
2100;Aténé;TRUE
2101;Atika;TRUE
2102;Atina;TRUE
2103;Auguszta;TRUE
2104;Augusztina;TRUE
2105;Aura;TRUE
2106;Aurea;TRUE
2107;Aurélia;TRUE
2108;Aurora;TRUE
2109;Auróra;TRUE
2110;Avarka;TRUE
2111;Aviána;TRUE
2112;Avitál;TRUE
2113;Azálea;TRUE
2114;Aziza;TRUE
2115;Azra;TRUE
2116;Azucséna;TRUE
2117;Azura;TRUE
2118;Azurea;TRUE
2119;Babér;TRUE
2120;Babett;TRUE
2121;Babetta;TRUE
2122;Babiána;TRUE
2123;Babita;TRUE
2124;Bagita;TRUE
2125;Bahar;TRUE
2126;Balbina;TRUE
2127;Balda;TRUE
2128;Balzsa;TRUE
2129;Balzsam;TRUE
2130;Bara;TRUE
2131;Barack;TRUE
2132;Baranka;TRUE
2133;Barbara;TRUE
2134;Barbarella;TRUE
2135;Barbel;TRUE
2136;Barbi;TRUE
2137;Barka;TRUE
2138;Bársony;TRUE
2139;Bársonyka;TRUE
2140;Baucisz;TRUE
2141;Bazilia;TRUE
2142;Bea;TRUE
2143;Beáta;TRUE
2144;Beatricse;TRUE
2145;Beatrisz;TRUE
2146;Beatrix;TRUE
2147;Bebóra;TRUE
2148;Béda;TRUE
2149;Begónia;TRUE
2150;Bejke;TRUE
2151;Béke;TRUE
2152;Bekka;TRUE
2153;Belinda;TRUE
2154;Bella;TRUE
2155;Bellatrix;TRUE
2156;Benáta;TRUE
2157;Benedetta;TRUE
2158;Benedikta;TRUE
2159;Beneditta;TRUE
2160;Benigna;TRUE
2161;Benita;TRUE
2162;Benjamina;TRUE
2163;Bereniké;TRUE
2164;Berfin;TRUE
2165;Berill;TRUE
2166;Berkenye;TRUE
2167;Berna;TRUE
2168;Bernadett;TRUE
2169;Bernadetta;TRUE
2170;Bernarda;TRUE
2171;Bernardina;TRUE
2172;Berta;TRUE
2173;Bertilla;TRUE
2174;Bertina;TRUE
2175;Bertolda;TRUE
2176;Béta;TRUE
2177;Betsabé;TRUE
2178;Betta;TRUE
2179;Betti;TRUE
2180;Bettina;TRUE
2181;Biana;TRUE
2182;Bianka;TRUE
2183;Bibiána;TRUE
2184;Bíbor;TRUE
2185;Bíbora;TRUE
2186;Bíboranna;TRUE
2187;Bíborka;TRUE
2188;Bié;TRUE
2189;Birgit;TRUE
2190;Biri;TRUE
2191;Bítia;TRUE
2192;Blandina;TRUE
2193;Blanka;TRUE
2194;Blazsena;TRUE
2195;Blondina;TRUE
2196;Bóbita;TRUE
2197;Bodza;TRUE
2198;Bogárka;TRUE
2199;Bogáta;TRUE
2200;Bogdána;TRUE
2201;Bogi;TRUE
2202;Boglár;TRUE
2203;Boglárka;TRUE
2204;Bojána;TRUE
2205;Bolda;TRUE
2206;Bolívia;TRUE
2207;Boni;TRUE
2208;Bonita;TRUE
2209;Bonni;TRUE
2210;Bora;TRUE
2211;Bóra;TRUE
2212;Borbála;TRUE
2213;Borbolya;TRUE
2214;Borcsa;TRUE
2215;Bori;TRUE
2216;Boris;TRUE
2217;Boriska;TRUE
2218;Borka;TRUE
2219;Boróka;TRUE
2220;Borostyán;TRUE
2221;Borsika;TRUE
2222;Bozsena;TRUE
2223;Bozsóka;TRUE
2224;Böbe;TRUE
2225;Böske;TRUE
2226;Brenda;TRUE
2227;Brianna;TRUE
2228;Briell;TRUE
2229;Brigi;TRUE
2230;Brigitta;TRUE
2231;Britani;TRUE
2232;Britni;TRUE
2233;Britta;TRUE
2234;Brohe;TRUE
2235;Brunella;TRUE
2236;Brunhilda;TRUE
2237;Brünhild;TRUE
2238;Búzavirág;TRUE
2239;Cecília;TRUE
2240;Cecilla;TRUE
2241;Celerina;TRUE
2242;Celeszta;TRUE
2243;Celesztina;TRUE
2244;Célia;TRUE
2245;Celina;TRUE
2246;Cettina;TRUE
2247;Cezarin;TRUE
2248;Cezarina;TRUE
2249;Cicelle;TRUE
2250;Ciklámen;TRUE
2251;Cila;TRUE
2252;Cili;TRUE
2253;Cilka;TRUE
2254;Cilla;TRUE
2255;Cinderella;TRUE
2256;Cinella;TRUE
2257;Cinka;TRUE
2258;Cinna;TRUE
2259;Cinnia;TRUE
2260;Cintia;TRUE
2261;Cipora;TRUE
2262;Cippóra;TRUE
2263;Cipra;TRUE
2264;Cipriána;TRUE
2265;Ciprienn;TRUE
2266;Cirel;TRUE
2267;Cirilla;TRUE
2268;Citta;TRUE
2269;Csaga;TRUE
2270;Csalka;TRUE
2271;Csende;TRUE
2272;Csendike;TRUE
2273;Csenge;TRUE
2274;Csengele;TRUE
2275;Csente;TRUE
2276;Cseperke;TRUE
2277;Csepke;TRUE
2278;Cseresznye;TRUE
2279;Csermely;TRUE
2280;Cserne;TRUE
2281;Csilla;TRUE
2282;Csillag;TRUE
2283;Csillagvirág;TRUE
2284;Csinszka;TRUE
2285;Csinyere;TRUE
2286;Csobánka;TRUE
2287;Csobilla;TRUE
2288;Csoboka;TRUE
2289;Csönge;TRUE
2290;Csöre;TRUE
2291;Dafna;TRUE
2292;Dafné;TRUE
2293;Dála;TRUE
2294;Dalanda;TRUE
2295;Dália;TRUE
2296;Dalida;TRUE
2297;Dalla;TRUE
2298;Dalma;TRUE
2299;Damajanti;TRUE
2300;Damarisz;TRUE
2301;Damiána;TRUE
2302;Damira;TRUE
2303;Damjána;TRUE
2304;Dana;TRUE
2305;Danica;TRUE
2306;Daniela;TRUE
2307;Daniéla;TRUE
2308;Daniella;TRUE
2309;Danila;TRUE
2310;Danka;TRUE
2311;Danna;TRUE
2312;Danuta;TRUE
2313;Dára;TRUE
2314;Daria;TRUE
2315;Dária;TRUE
2316;Darina;TRUE
2317;Darinka;TRUE
2318;Darla;TRUE
2319;Davina;TRUE
2320;Dea;TRUE
2321;Debóra;TRUE
2322;Delani;TRUE
2323;Delfina;TRUE
2324;Délia;TRUE
2325;Délibáb;TRUE
2326;Delila;TRUE
2327;Delinda;TRUE
2328;Delinke;TRUE
2329;Della;TRUE
2330;Demetria;TRUE
2331;Déna;TRUE
2332;Denerisz;TRUE
2333;Denisza;TRUE
2334;Denissza;TRUE
2335;Deniza;TRUE
2336;Deodáta;TRUE
2337;Derien;TRUE
2338;Detti;TRUE
2339;Dettina;TRUE
2340;Déva;TRUE
2341;Devana;TRUE
2342;Deveni;TRUE
2343;Devínia;TRUE
2344;Dezdemóna;TRUE
2345;Dézi;TRUE
2346;Dezideráta;TRUE
2347;Dezidéria;TRUE
2348;Dia;TRUE
2349;Diana;TRUE
2350;Diána;TRUE
2351;Diandra;TRUE
2352;Diké;TRUE
2353;Dilara;TRUE
2354;Dimitra;TRUE
2355;Dina;TRUE
2356;Dinara;TRUE
2357;Dió;TRUE
2358;Dionízia;TRUE
2359;Diotíma;TRUE
2360;Ditke;TRUE
2361;Ditta;TRUE
2362;Ditte;TRUE
2363;Ditti;TRUE
2364;Dolli;TRUE
2365;Dolóresz;TRUE
2366;Dolorita;TRUE
2367;Doloróza;TRUE
2368;Domicella;TRUE
2369;Domiciána;TRUE
2370;Dominika;TRUE
2371;Dominka;TRUE
2372;Domitilla;TRUE
2373;Donáta;TRUE
2374;Donatella;TRUE
2375;Donja;TRUE
2376;Donna;TRUE
2377;Dóra;TRUE
2378;Dorabella;TRUE
2379;Doren;TRUE
2380;Doretta;TRUE
2381;Dóri;TRUE
2382;Dorina;TRUE
2383;Dorinda;TRUE
2384;Dorinka;TRUE
2385;Dorisz;TRUE
2386;Dorit;TRUE
2387;Dorka;TRUE
2388;Dorkás;TRUE
2389;Dorkász;TRUE
2390;Dormánka;TRUE
2391;Dorotea;TRUE
2392;Doroti;TRUE
2393;Dorotina;TRUE
2394;Dorottya;TRUE
2395;Dotti;TRUE
2396;Döníz;TRUE
2397;Druzsiána;TRUE
2398;Dulcinea;TRUE
2399;Dusánka;TRUE
2400;Dusenka;TRUE
2401;Dusmáta;TRUE
2402;Dvora;TRUE
2403;Dzsamila;TRUE
2404;Dzsámília;TRUE
2405;Dzsamilla;TRUE
2406;Dzsenet;TRUE
2407;Dzsenifer;TRUE
2408;Dzsenisz;TRUE
2409;Dzsenna;TRUE
2410;Dzsenni;TRUE
2411;Dzsesszika;TRUE
2412;Dzsindzser;TRUE
2413;Écska;TRUE
2414;Éda;TRUE
2415;Edda;TRUE
2416;Edentina;TRUE
2417;Edina;TRUE
2418;Edit;TRUE
2419;Edmunda;TRUE
2420;Edna;TRUE
2421;Édra;TRUE
2422;Édua;TRUE
2423;Eduárda;TRUE
2424;Edvarda;TRUE
2425;Edvina;TRUE
2426;Effi;TRUE
2427;Egberta;TRUE
2428;Egres;TRUE
2429;Eija;TRUE
2430;Eisa;TRUE
2431;Ekaterina;TRUE
2432;Ékes;TRUE
2433;Elanor;TRUE
2434;Eleanor;TRUE
2435;Elektra;TRUE
2436;Elen;TRUE
2437;Elena;TRUE
2438;Eleni;TRUE
2439;Elenor;TRUE
2440;Eleonóra;TRUE
2441;Életke;TRUE
2442;Elfrida;TRUE
2443;Elga;TRUE
2444;Eliána;TRUE
2445;Elida;TRUE
2446;Elif;TRUE
2447;Elin;TRUE
2448;Elina;TRUE
2449;Elinor;TRUE
2450;Eliora;TRUE
2451;Eliz;TRUE
2452;Elíz;TRUE
2453;Eliza;TRUE
2454;Elizabell;TRUE
2455;Elizabet;TRUE
2456;Elizin;TRUE
2457;Elka;TRUE
2458;Elke;TRUE
2459;Ella;TRUE
2460;Elli;TRUE
2461;Ellina;TRUE
2462;Elma;TRUE
2463;Elmira;TRUE
2464;Eloiz;TRUE
2465;Elvira;TRUE
2466;Elza;TRUE
2467;Emanuéla;TRUE
2468;Emerencia;TRUE
2469;Emerika;TRUE
2470;Emerina;TRUE
2471;Emerita;TRUE
2472;Emerka;TRUE
2473;Emese;TRUE
2474;Émi;TRUE
2475;Emili;TRUE
2476;Emilia;TRUE
2477;Emília;TRUE
2478;Emiliána;TRUE
2479;Emina;TRUE
2480;Emíra;TRUE
2481;Emma;TRUE
2482;Emmaróza;TRUE
2483;Emmi;TRUE
2484;Emõ;TRUE
2485;Emõke;TRUE
2486;Enciána;TRUE
2487;Ené;TRUE
2488;Enéh;TRUE
2489;Enese;TRUE
2490;Enet;TRUE
2491;Enid;TRUE
2492;Enikõ;TRUE
2493;Enja;TRUE
2494;Enna;TRUE
2495;Eper;TRUE
2496;Eperke;TRUE
2497;Epifánia;TRUE
2498;Eponin;TRUE
2499;Era;TRUE
2500;Erátó;TRUE
2501;Erika;TRUE
2502;Erina;TRUE
2503;Ermelinda;TRUE
2504;Erna;TRUE
2505;Ernella;TRUE
2506;Erneszta;TRUE
2507;Ernesztin;TRUE
2508;Ernesztina;TRUE
2509;Ervina;TRUE
2510;Ervínia;TRUE
2511;Erzsébet;TRUE
2512;Erzsi;TRUE
2513;Esma;TRUE
2514;Estella;TRUE
2515;Estilla;TRUE
2516;Eszmeralda;TRUE
2517;Esztella;TRUE
2518;Eszténa;TRUE
2519;Eszter;TRUE
2520;Eta;TRUE
2521;Etel;TRUE
2522;Etelka;TRUE
2523;Etka;TRUE
2524;Etta;TRUE
2525;Etus;TRUE
2526;Eudoxia;TRUE
2527;Eufémia;TRUE
2528;Eufrozina;TRUE
2529;Eugénia;TRUE
2530;Eulália;TRUE
2531;Eunika;TRUE
2532;Euniké;TRUE
2533;Euridiké;TRUE
2534;Európa;TRUE
2535;Eutímia;TRUE
2536;Euzébia;TRUE
2537;Éva;TRUE
2538;Evangelika;TRUE
2539;Evangelina;TRUE
2540;Evelin;TRUE
2541;Evelina;TRUE
2542;Evetke;TRUE
2543;Évi;TRUE
2544;Evica;TRUE
2545;Evila;TRUE
2546;Evina;TRUE
2547;Evita;TRUE
2548;Evódia;TRUE
2549;Evolet;TRUE
2550;Evolett;TRUE
2551;Evra;TRUE
2552;Fabiána;TRUE
2553;Fabióla;TRUE
2554;Fabrícia;TRUE
2555;Fadett;TRUE
2556;Fahéj;TRUE
2557;Fáni;TRUE
2558;Fanna;TRUE
2559;Fanni;TRUE
2560;Fantina;TRUE
2561;Fárá;TRUE
2562;Fáta;TRUE
2563;Fatima;TRUE
2564;Fatime;TRUE
2565;Fausztina;TRUE
2566;Fébé;TRUE
2567;Febrónia;TRUE
2568;Federika;TRUE
2569;Fedóra;TRUE
2570;Fédra;TRUE
2571;Fehér;TRUE
2572;Fehéra;TRUE
2573;Fehére;TRUE
2574;Fehérke;TRUE
2575;Felda;TRUE
2576;Felícia;TRUE
2577;Feliciána;TRUE
2578;Felicita;TRUE
2579;Felicitás;TRUE
2580;Felicitász;TRUE
2581;Fenenna;TRUE
2582;Feodóra;TRUE
2583;Ferdinanda;TRUE
2584;Fernanda;TRUE
2585;Fiametta;TRUE
2586;Fiamma;TRUE
2587;Fidélia;TRUE
2588;Filadelfia;TRUE
2589;Filippa;TRUE
2590;Fillisz;TRUE
2591;Filoméla;TRUE
2592;Filoména;TRUE
2593;Filotea;TRUE
2594;Fióna;TRUE
2595;Fiorella;TRUE
2596;Fioretta;TRUE
2597;Firtos;TRUE
2598;Flamina;TRUE
2599;Flanna;TRUE
2600;Flávia;TRUE
2601;Flóra;TRUE
2602;Floransz;TRUE
2603;Florencia;TRUE
2604;Florentina;TRUE
2605;Florianna;TRUE
2606;Florica;TRUE
2607;Florina;TRUE
2608;Florinda;TRUE
2609;Fortuna;TRUE
2610;Fortunáta;TRUE
2611;Fõbe;TRUE
2612;Franciska;TRUE
2613;Frangipáni;TRUE
2614;Franka;TRUE
2615;Franni;TRUE
2616;Freja;TRUE
2617;Frézia;TRUE
2618;Frida;TRUE
2619;Friderika;TRUE
2620;Fruzsina;TRUE
2621;Fulvia;TRUE
2622;Fürtike;TRUE
2623;Füzér;TRUE
2624;Füzike;TRUE
2625;Gabriella;TRUE
2626;Gaia;TRUE
2627;Gajána;TRUE
2628;Gala;TRUE
2629;Galamb;TRUE
2630;Galatea;TRUE
2631;Gália;TRUE
2632;Galina;TRUE
2633;Gardénia;TRUE
2634;Gauri;TRUE
2635;Géda;TRUE
2636;Géla;TRUE
2637;Gemella;TRUE
2638;Gemma;TRUE
2639;Génia;TRUE
2640;Genovéva;TRUE
2641;Georgina;TRUE
2642;Gerbera;TRUE
2643;Gerda;TRUE
2644;Gerle;TRUE
2645;Gerti;TRUE
2646;Gertrúd;TRUE
2647;Gertrúdisz;TRUE
2648;Gesztenye;TRUE
2649;Gilberta;TRUE
2650;Gilda;TRUE
2651;Gina;TRUE
2652;Giszmunda;TRUE
2653;Gitka;TRUE
2654;Gitta;TRUE
2655;Giza;TRUE
2656;Gizella;TRUE
2657;Glenda;TRUE
2658;Glória;TRUE
2659;Godiva;TRUE
2660;Golda;TRUE
2661;Goldina;TRUE
2662;Gordána;TRUE
2663;Grácia;TRUE
2664;Graciána;TRUE
2665;Graciella;TRUE
2666;Grész;TRUE
2667;Gréta;TRUE
2668;Gréte;TRUE
2669;Gréti;TRUE
2670;Grizelda;TRUE
2671;Grizeldisz;TRUE
2672;Gunda;TRUE
2673;Gvenda;TRUE
2674;Gvendolin;TRUE
2675;Gyémánt;TRUE
2676;Gyopár;TRUE
2677;Gyopárka;TRUE
2678;Gyömbér;TRUE
2679;Gyöngy;TRUE
2680;Gyöngyi;TRUE
2681;Gyöngyike;TRUE
2682;Gyöngyös;TRUE
2683;Gyöngyvér;TRUE
2684;Gyöngyvirág;TRUE
2685;Györgyi;TRUE
2686;Györgyike;TRUE
2687;Hadassa;TRUE
2688;Hágár;TRUE
2689;Hajna;TRUE
2690;Hajnácska;TRUE
2691;Hajnal;TRUE
2692;Hajnalka;TRUE
2693;Hajni;TRUE
2694;Halina;TRUE
2695;Hana;TRUE
2696;Hanga;TRUE
2697;Hanife;TRUE
2698;Hanka;TRUE
2699;Hanna;TRUE
2700;Hannabella;TRUE
2701;Hannadóra;TRUE
2702;Hannaliza;TRUE
2703;Hannaróza;TRUE
2704;Hanni;TRUE
2705;Hargita;TRUE
2706;Hargitta;TRUE
2707;Harmat;TRUE
2708;Harmatka;TRUE
2709;Harriet;TRUE
2710;Hatidzse;TRUE
2711;Havadi;TRUE
2712;Havaska;TRUE
2713;Heba;TRUE
2714;Hébé;TRUE
2715;Héda;TRUE
2716;Hedda;TRUE
2717;Hédi;TRUE
2718;Hedvig;TRUE
2719;Heidi;TRUE
2720;Héla;TRUE
2721;Helen;TRUE
2722;Helén;TRUE
2723;Helena;TRUE
2724;Heléna;TRUE
2725;Helga;TRUE
2726;Hélia;TRUE
2727;Helka;TRUE
2728;Hella;TRUE
2729;Helza;TRUE
2730;Heni;TRUE
2731;Henna;TRUE
2732;Henni;TRUE
2733;Henriett;TRUE
2734;Henrietta;TRUE
2735;Héra;TRUE
2736;Hermia;TRUE
2737;Hermina;TRUE
2738;Herta;TRUE
2739;Heszna;TRUE
2740;Hessza;TRUE
2741;Hetti;TRUE
2742;Hiacinta;TRUE
2743;Hieronima;TRUE
2744;Hilária;TRUE
2745;Hilda;TRUE
2746;Hildegárd;TRUE
2747;Hildelita;TRUE
2748;Hilka;TRUE
2749;Hina;TRUE
2750;Hippia;TRUE
2751;Hippolita;TRUE
2752;Hófehérke;TRUE
2753;Holda;TRUE
2754;Holli;TRUE
2755;Honóra;TRUE
2756;Honoráta;TRUE
2757;Honória;TRUE
2758;Honorina;TRUE
2759;Honorka;TRUE
2760;Horácia;TRUE
2761;Hortenzia;TRUE
2762;Hóvirág;TRUE
2763;Huberta;TRUE
2764;Hunóra;TRUE
2765;Hunorka;TRUE
2766;Hürrem;TRUE
2767;Ibolya;TRUE
2768;Ibolyka;TRUE
2769;Ica;TRUE
2770;Ida;TRUE
2771;Idril;TRUE
2772;Iduna;TRUE
2773;Ifigénia;TRUE
2774;Ignácia;TRUE
2775;Ika;TRUE
2776;Ila;TRUE
2777;Ilang;TRUE
2778;Ilda;TRUE
2779;Ildi;TRUE
2780;Ildikó;TRUE
2781;Ilitia;TRUE
2782;Ilka;TRUE
2783;Illa;TRUE
2784;Illangó;TRUE
2785;Ilma;TRUE
2786;Ilna;TRUE
2787;Ilon;TRUE
2788;Ilona;TRUE
2789;Ilonka;TRUE
2790;Ilus;TRUE
2791;Iluska;TRUE
2792;Ilze;TRUE
2793;Imela;TRUE
2794;Imelda;TRUE
2795;Immakuláta;TRUE
2796;Imodzsen;TRUE
2797;Imogén;TRUE
2798;Imola;TRUE
2799;Inana;TRUE
2800;India;TRUE
2801;Indira;TRUE
2802;Indra;TRUE
2803;Inez;TRUE
2804;Inge;TRUE
2805;Ingeborg;TRUE
2806;Ingrid;TRUE
2807;Inka;TRUE
2808;Innocencia;TRUE
2809;Ippolita;TRUE
2810;Ira;TRUE
2811;Irén;TRUE
2812;Iréne;TRUE
2813;Irénke;TRUE
2814;Irina;TRUE
2815;Iringó;TRUE
2816;Írisz;TRUE
2817;Irma;TRUE
2818;Isméria;TRUE
2819;Itala;TRUE
2820;Ivána;TRUE
2821;Ivett;TRUE
2822;Ivetta;TRUE
2823;Ivica;TRUE
2824;Ividõ;TRUE
2825;Ivola;TRUE
2826;Ivon;TRUE
2827;Ivonn;TRUE
2828;Iza;TRUE
2829;Izabel;TRUE
2830;Izabell;TRUE
2831;Izabella;TRUE
2832;Izaura;TRUE
2833;Izidóra;TRUE
2834;Ízisz;TRUE
2835;Izméne;TRUE
2836;Izolda;TRUE
2837;Izóra;TRUE
2838;Jácinta;TRUE
2839;Jáde;TRUE
2840;Jádránka;TRUE
2841;Jadviga;TRUE
2842;Jáel;TRUE
2843;Jáél;TRUE
2844;Jaffa;TRUE
2845;Jáhel;TRUE
2846;Jaina;TRUE
2847;Jakobina;TRUE
2848;Jamina;TRUE
2849;Jamuná;TRUE
2850;Jana;TRUE
2851;Janina;TRUE
2852;Janka;TRUE
2853;Janna;TRUE
2854;Jara;TRUE
2855;Jára;TRUE
2856;Járá;TRUE
2857;Jarmila;TRUE
2858;Jászira;TRUE
2859;Jávorka;TRUE
2860;Jázmin;TRUE
2861;Jázmina;TRUE
2862;Jelena;TRUE
2863;Jelina;TRUE
2864;Jelka;TRUE
2865;Jella;TRUE
2866;Jemima;TRUE
2867;Jenni;TRUE
2868;Jente;TRUE
2869;Jerne;TRUE
2870;Jeronima;TRUE
2871;Jerta;TRUE
2872;Jeszénia;TRUE
2873;Jetta;TRUE
2874;Jetti;TRUE
2875;Jiszka;TRUE
2876;Joana;TRUE
2877;Johanka;TRUE
2878;Johanna;TRUE
2879;Johara;TRUE
2880;Jokébed;TRUE
2881;Jola;TRUE
2882;Jolán;TRUE
2883;Jolanda;TRUE
2884;Jolánka;TRUE
2885;Jolánta;TRUE
2886;Joli;TRUE
2887;Jolina;TRUE
2888;Jonka;TRUE
2889;Jordána;TRUE
2890;Joszina;TRUE
2891;Jována;TRUE
2892;Jozefa;TRUE
2893;Jozefin;TRUE
2894;Jozefina;TRUE
2895;Józsa;TRUE
2896;Juci;TRUE
2897;Judit;TRUE
2898;Julcsi;TRUE
2899;Juli;TRUE
2900;Júlia;TRUE
2901;Juliána;TRUE
2902;Julianna;TRUE
2903;Julietta;TRUE
2904;Julilla;TRUE
2905;Julinka;TRUE
2906;Juliska;TRUE
2907;Julitta;TRUE
2908;Julka;TRUE
2909;Júnó;TRUE
2910;Jusztícia;TRUE
2911;Jusztina;TRUE
2912;Jusztínia;TRUE
2913;Jutka;TRUE
2914;Jutta;TRUE
2915;Kádizsá;TRUE
2916;Kála;TRUE
2917;Kali;TRUE
2918;Kalina;TRUE
2919;Kalipszó;TRUE
2920;Kalli;TRUE
2921;Kalliopé;TRUE
2922;Kalliszta;TRUE
2923;Kalpavalli;TRUE
2924;Kámea;TRUE
2925;Kamélia;TRUE
2926;Kamilia;TRUE
2927;Kamília;TRUE
2928;Kamilla;TRUE
2929;Kandida;TRUE
2930;Karen;TRUE
2931;Karin;TRUE
2932;Karina;TRUE
2933;Kárisz;TRUE
2934;Karitász;TRUE
2935;Karla;TRUE
2936;Karméla;TRUE
2937;Karmelina;TRUE
2938;Karmella;TRUE
2939;Karmen;TRUE
2940;Kármen;TRUE
2941;Kármin;TRUE
2942;Karola;TRUE
2943;Karolin;TRUE
2944;Karolina;TRUE
2945;Karolt;TRUE
2946;Kasszandra;TRUE
2947;Kata;TRUE
2948;Katalea;TRUE
2949;Katalin;TRUE
2950;Katalina;TRUE
2951;Katarina;TRUE
2952;Katerina;TRUE
2953;Kati;TRUE
2954;Katica;TRUE
2955;Katinka;TRUE
2956;Kató;TRUE
2957;Katrin;TRUE
2958;Katrina;TRUE
2959;Kátya;TRUE
2960;Kecia;TRUE
2961;Keikó;TRUE
2962;Kéla;TRUE
2963;Kelda;TRUE
2964;Kelli;TRUE
2965;Kendra;TRUE
2966;Kenza;TRUE
2967;Kéra;TRUE
2968;Kéren;TRUE
2969;Kerka;TRUE
2970;Kersztin;TRUE
2971;Kerubina;TRUE
2972;Késa;TRUE
2973;Ketrin;TRUE
2974;Kiara;TRUE
2975;Kikinda;TRUE
2976;Kiliána;TRUE
2977;Kimberli;TRUE
2978;Kincs;TRUE
2979;Kincse;TRUE
2980;Kincsõ;TRUE
2981;Kinga;TRUE
2982;Kira;TRUE
2983;Kíra;TRUE
2984;Kiri;TRUE
2985;Kirilla;TRUE
2986;Kirtana;TRUE
2987;Kisanna;TRUE
2988;Kisó;TRUE
2989;Kitana;TRUE
2990;Kitti;TRUE
2991;Klára;TRUE
2992;Klári;TRUE
2993;Klarisz;TRUE
2994;Klarissza;TRUE
2995;Klaudetta;TRUE
2996;Klaudia;TRUE
2997;Klaudiána;TRUE
2998;Klea;TRUE
2999;Klélia;TRUE
3000;Klemátisz;TRUE
3001;Klemencia;TRUE
3002;Klementin;TRUE
3003;Klementina;TRUE
3004;Kleó;TRUE
3005;Kleopátra;TRUE
3006;Klió;TRUE
3007;Kloé;TRUE
3008;Klotild;TRUE
3009;Kolett;TRUE
3010;Koletta;TRUE
3011;Kolomba;TRUE
3012;Kolombina;TRUE
3013;Konkordia;TRUE
3014;Konstancia;TRUE
3015;Konstantina;TRUE
3016;Kora;TRUE
3017;Korália;TRUE
3018;Korall;TRUE
3019;Kordélia;TRUE
3020;Korina;TRUE
3021;Korinna;TRUE
3022;Kornélia;TRUE
3023;Koronilla;TRUE
3024;Kozett;TRUE
3025;Kozima;TRUE
3026;Kökény;TRUE
3027;Kreola;TRUE
3028;Kreszcencia;TRUE
3029;Krimhilda;TRUE
3030;Kriszta;TRUE
3031;Krisztabell;TRUE
3032;Kriszti;TRUE
3033;Krisztiána;TRUE
3034;Krisztin;TRUE
3035;Krisztina;TRUE
3036;Krizanta;TRUE
3037;Krizia;TRUE
3038;Kunigunda;TRUE
3039;Kunti;TRUE
3040;Küllikki;TRUE
3041;Küne;TRUE
3042;Ladiszla;TRUE
3043;Lagerta;TRUE
3044;Laksmi;TRUE
3045;Lalita;TRUE
3046;Lamberta;TRUE
3047;Lana;TRUE
3048;Lara;TRUE
3049;Larcia;TRUE
3050;Larett;TRUE
3051;Larina;TRUE
3052;Larissza;TRUE
3053;Lartia;TRUE
3054;Latífe;TRUE
3055;Latiká;TRUE
3056;Latinka;TRUE
3057;Laura;TRUE
3058;Laurencia;TRUE
3059;Lauretta;TRUE
3060;Lava;TRUE
3061;Lavanda;TRUE
3062;Lavínia;TRUE
3063;Lea;TRUE
3064;Leandra;TRUE
3065;Léda;TRUE
3066;Leila;TRUE
3067;Lejka;TRUE
3068;Lejla;TRUE
3069;Lejle;TRUE
3070;Lejre;TRUE
3071;Léla;TRUE
3072;Lélia;TRUE
3073;Lelle;TRUE
3074;Lemna;TRUE
3075;Léna;TRUE
3076;Lencsi;TRUE
3077;Léni;TRUE
3078;Lenita;TRUE
3079;Lenka;TRUE
3080;Lenke;TRUE
3081;Lenóra;TRUE
3082;Leona;TRUE
3083;Leonarda;TRUE
3084;Leonetta;TRUE
3085;Leoni;TRUE
3086;Leonor;TRUE
3087;Leonóra;TRUE
3088;Leontina;TRUE
3089;Leopolda;TRUE
3090;Leopoldina;TRUE
3091;Leóti;TRUE
3092;Leticia;TRUE
3093;Letícia;TRUE
3094;Letisa;TRUE
3095;Létó;TRUE
3096;Letta;TRUE
3097;Letti;TRUE
3098;Levendula;TRUE
3099;Levina;TRUE
3100;Levízia;TRUE
3101;Lexa;TRUE
3102;Lia;TRUE
3103;Liana;TRUE
3104;Liána;TRUE
3105;Lianna;TRUE
3106;Lícia;TRUE
3107;Lida;TRUE
3108;Lidi;TRUE
3109;Lídia;TRUE
3110;Lígia;TRUE
3111;Lili;TRUE
3112;Lilia;TRUE
3113;Lilian;TRUE
3114;Lilián;TRUE
3115;Liliána;TRUE
3116;Lilianna;TRUE
3117;Lilibell;TRUE
3118;Lilibet;TRUE
3119;Lilien;TRUE
3120;Liliom;TRUE
3121;Liliróza;TRUE
3122;Lilit;TRUE
3123;Lilita;TRUE
3124;Lilla;TRUE
3125;Lilu;TRUE
3126;Lina;TRUE
3127;Linda;TRUE
3128;Linéa;TRUE
3129;Linett;TRUE
3130;Linetta;TRUE
3131;Linka;TRUE
3132;Lionella;TRUE
3133;Lióra;TRUE
3134;Lira;TRUE
3135;Líra;TRUE
3136;Líria;TRUE
3137;Lítia;TRUE
3138;Lívia;TRUE
3139;Liviána;TRUE
3140;Livianna;TRUE
3141;Liz;TRUE
3142;Liza;TRUE
3143;Lizabell;TRUE
3144;Lizabella;TRUE
3145;Lizandra;TRUE
3146;Lizanka;TRUE
3147;Lizanna;TRUE
3148;Lizavéta;TRUE
3149;Lizbett;TRUE
3150;Lizett;TRUE
3151;Lizetta;TRUE
3152;Lizi;TRUE
3153;Lízia;TRUE
3154;Lizinka;TRUE
3155;Ljuba;TRUE
3156;Lóisz;TRUE
3157;Lola;TRUE
3158;Lolita;TRUE
3159;Lolli;TRUE
3160;Lona;TRUE
3161;Lóna;TRUE
3162;Lonci;TRUE
3163;Lora;TRUE
3164;Lorella;TRUE
3165;Lorena;TRUE
3166;Loréna;TRUE
3167;Lorenza;TRUE
3168;Lorett;TRUE
3169;Loretta;TRUE
3170;Lori;TRUE
3171;Loriana;TRUE
3172;Lorin;TRUE
3173;Lorina;TRUE
3174;Lorka;TRUE
3175;Lorna;TRUE
3176;Lotta;TRUE
3177;Lotte;TRUE
3178;Lotti;TRUE
3179;Luca;TRUE
3180;Lúcia;TRUE
3181;Luciána;TRUE
3182;Lucilla;TRUE
3183;Lucinda;TRUE
3184;Lúcsia;TRUE
3185;Ludmilla;TRUE
3186;Ludovika;TRUE
3187;Lujza;TRUE
3188;Lujzi;TRUE
3189;Lukrécia;TRUE
3190;Lula;TRUE
3191;Lulu;TRUE
3192;Luna;TRUE
3193;Lupitá;TRUE
3194;Lüszi;TRUE
3195;Mábel;TRUE
3196;Mabella;TRUE
3197;Madita;TRUE
3198;Madlen;TRUE
3199;Madléna;TRUE
3200;Magda;TRUE
3201;Magdaléna;TRUE
3202;Magdi;TRUE
3203;Magdó;TRUE
3204;Magdolna;TRUE
3205;Magnólia;TRUE
3206;Magorka;TRUE
3207;Mahália;TRUE
3208;Maida;TRUE
3209;Maja;TRUE
3210;Majoranna;TRUE
3211;Makaréna;TRUE
3212;Makrina;TRUE
3213;Maléna;TRUE
3214;Malina;TRUE
3215;Malka;TRUE
3216;Málna;TRUE
3217;Malvin;TRUE
3218;Malvina;TRUE
3219;Mályva;TRUE
3220;Maminti;TRUE
3221;Manda;TRUE
3222;Mandola;TRUE
3223;Mandorla;TRUE
3224;Mandula;TRUE
3225;Manfréda;TRUE
3226;Manga;TRUE
3227;Manka;TRUE
3228;Manna;TRUE
3229;Manolita;TRUE
3230;Manon;TRUE
3231;Manszvéta;TRUE
3232;Manuela;TRUE
3233;Manuéla;TRUE
3234;Manuella;TRUE
3235;Manyi;TRUE
3236;Mara;TRUE
3237;Marcella;TRUE
3238;Marcellina;TRUE
3239;Maréza;TRUE
3240;Margarét;TRUE
3241;Margaréta;TRUE
3242;Margaretta;TRUE
3243;Margarita;TRUE
3244;Margit;TRUE
3245;Margita;TRUE
3246;Margitta;TRUE
3247;Margitvirág;TRUE
3248;Margó;TRUE
3249;Mari;TRUE
3250;Mária;TRUE
3251;Mariam;TRUE
3252;Mariann;TRUE
3253;Marianna;TRUE
3254;Marica;TRUE
3255;Mariella;TRUE
3256;Mariett;TRUE
3257;Marietta;TRUE
3258;Marika;TRUE
3259;Marilla;TRUE
3260;Marina;TRUE
3261;Marinella;TRUE
3262;Marinetta;TRUE
3263;Marinka;TRUE
3264;Marion;TRUE
3265;Marióra;TRUE
3266;Mariska;TRUE
3267;Marita;TRUE
3268;Markéta;TRUE
3269;Marléne;TRUE
3270;Márta;TRUE
3271;Márti;TRUE
3272;Martina;TRUE
3273;Martinella;TRUE
3274;Martinka;TRUE
3275;Masa;TRUE
3276;Mása;TRUE
3277;Matild;TRUE
3278;Matilda;TRUE
3279;Mátka;TRUE
3280;Maura;TRUE
3281;Maurícia;TRUE
3282;Maxima;TRUE
3283;Maximilla;TRUE
3284;Mea;TRUE
3285;Méda;TRUE
3286;Medárda;TRUE
3287;Médea;TRUE
3288;Médeia;TRUE
3289;Médi;TRUE
3290;Medina;TRUE
3291;Medó;TRUE
3292;Medóra;TRUE
3293;Megán;TRUE
3294;Megara;TRUE
3295;Meggi;TRUE
3296;Mehdia;TRUE
3297;Meike;TRUE
3298;Melani;TRUE
3299;Melánia;TRUE
3300;Melba;TRUE
3301;Mélia;TRUE
3302;Melina;TRUE
3303;Melinda;TRUE
3304;Melióra;TRUE
3305;Melissza;TRUE
3306;Melitta;TRUE
3307;Melizand;TRUE
3308;Melodi;TRUE
3309;Melódia;TRUE
3310;Meluzina;TRUE
3311;Mena;TRUE
3312;Mendi;TRUE
3313;Menodóra;TRUE
3314;Menta;TRUE
3315;Méra;TRUE
3316;Méráb;TRUE
3317;Mercédesz;TRUE
3318;Meredisz;TRUE
3319;Meri;TRUE
3320;Méri;TRUE
3321;Meril;TRUE
3322;Merilin;TRUE
3323;Merima;TRUE
3324;Messzua;TRUE
3325;Méta;TRUE
3326;Metella;TRUE
3327;Métisz;TRUE
3328;Metta;TRUE
3329;Mia;TRUE
3330;Miana;TRUE
3331;Mici;TRUE
3332;Miett;TRUE
3333;Mietta;TRUE
3334;Mihaéla;TRUE
3335;Mikolt;TRUE
3336;Mila;TRUE
3337;Milágrosz;TRUE
3338;Milana;TRUE
3339;Milanna;TRUE
3340;Milda;TRUE
3341;Milena;TRUE
3342;Miléna;TRUE
3343;Miletta;TRUE
3344;Milica;TRUE
3345;Milka;TRUE
3346;Milla;TRUE
3347;Milli;TRUE
3348;Mimi;TRUE
3349;Mimma;TRUE
3350;Mimóza;TRUE
3351;Mina;TRUE
3352;Mína;TRUE
3353;Mínea;TRUE
3354;Minerva;TRUE
3355;Minetta;TRUE
3356;Minka;TRUE
3357;Minna;TRUE
3358;Minóna;TRUE
3359;Mira;TRUE
3360;Míra;TRUE
3361;Mirabel;TRUE
3362;Mirabell;TRUE
3363;Mirabella;TRUE
3364;Mirana;TRUE
3365;Miranda;TRUE
3366;Mirandella;TRUE
3367;Mirandola;TRUE
3368;Mirandolína;TRUE
3369;Mirázs;TRUE
3370;Mirea;TRUE
3371;Mirella;TRUE
3372;Miri;TRUE
3373;Miriam;TRUE
3374;Miriám;TRUE
3375;Mirijam;TRUE
3376;Mirjam;TRUE
3377;Mirjána;TRUE
3378;Mirka;TRUE
3379;Mirna;TRUE
3380;Mirona;TRUE
3381;Mirtilia;TRUE
3382;Mirtill;TRUE
3383;Misell;TRUE
3384;Mita;TRUE
3385;Miu;TRUE
3386;Moána;TRUE
3387;Modeszta;TRUE
3388;Modesztina;TRUE
3389;Mogyoró;TRUE
3390;Móhini;TRUE
3391;Moira;TRUE
3392;Molli;TRUE
3393;Mona;TRUE
3394;Móna;TRUE
3395;Móni;TRUE
3396;Mónika;TRUE
3397;Montika;TRUE
3398;Morella;TRUE
3399;Morgána;TRUE
3400;Muriel;TRUE
3401;Múzsa;TRUE
3402;Nabiha;TRUE
3403;Nadett;TRUE
3404;Nadia;TRUE
3405;Nadin;TRUE
3406;Nadina;TRUE
3407;Nadinka;TRUE
3408;Nadira;TRUE
3409;Nádja;TRUE
3410;Nagyezsda;TRUE
3411;Naira;TRUE
3412;Nájiká;TRUE
3413;Nala;TRUE
3414;Nalani;TRUE
3415;Nalini;TRUE
3416;Nalla;TRUE
3417;Namika;TRUE
3418;Nana;TRUE
3419;Nanae;TRUE
3420;Nanda;TRUE
3421;Nandin;TRUE
3422;Nandini;TRUE
3423;Nandita;TRUE
3424;Nanett;TRUE
3425;Nanetta;TRUE
3426;Náni;TRUE
3427;Naomi;TRUE
3428;Naómi;TRUE
3429;Napsugár;TRUE
3430;Napvirág;TRUE
3431;Nara;TRUE
3432;Nárcisz;TRUE
3433;Narcissza;TRUE
3434;Narin;TRUE
3435;Narina;TRUE
3436;Narmin;TRUE
3437;Násfa;TRUE
3438;Nasira;TRUE
3439;Nasztázia;TRUE
3440;Natali;TRUE
3441;Natália;TRUE
3442;Natánia;TRUE
3443;Natasa;TRUE
3444;Nauszika;TRUE
3445;Nausziká;TRUE
3446;Nauzika;TRUE
3447;Nazira;TRUE
3448;Nazli;TRUE
3449;Nea;TRUE
3450;Nedda;TRUE
3451;Nefelejcs;TRUE
3452;Nefeli;TRUE
3453;Néla;TRUE
3454;Nelda;TRUE
3455;Néle;TRUE
3456;Nélia;TRUE
3457;Nella;TRUE
3458;Nelli;TRUE
3459;Nenszi;TRUE
3460;Nerella;TRUE
3461;Nerina;TRUE
3462;Neste;TRUE
3463;Neszrin;TRUE
3464;Neszta;TRUE
3465;Netta;TRUE
3466;Netti;TRUE
3467;Néva;TRUE
3468;Névia;TRUE
3469;Nia;TRUE
3470;Niara;TRUE
3471;Nika;TRUE
3472;Niké;TRUE
3473;Niki;TRUE
3474;Nikodémia;TRUE
3475;Nikol;TRUE
3476;Nikola;TRUE
3477;Nikolett;TRUE
3478;Nikoletta;TRUE
3479;Nikolina;TRUE
3480;Nila;TRUE
3481;Níla;TRUE
3482;Nilla;TRUE
3483;Nilüfer;TRUE
3484;Nimfa;TRUE
3485;Nina;TRUE
3486;Ninell;TRUE
3487;Ninett;TRUE
3488;Ninetta;TRUE
3489;Ninon;TRUE
3490;Niobé;TRUE
3491;Nirmalá;TRUE
3492;Nisá;TRUE
3493;Nissza;TRUE
3494;Nita;TRUE
3495;Niva;TRUE
3496;Noa;TRUE
3497;Noéla;TRUE
3498;Noélia;TRUE
3499;Noelin;TRUE
3500;Noella;TRUE
3501;Noémi;TRUE
3502;Nola;TRUE
3503;Nolina;TRUE
3504;Nomin;TRUE
3505;Nona;TRUE
3506;Nóna;TRUE
3507;Nonna;TRUE
3508;Nóra;TRUE
3509;Norberta;TRUE
3510;Norella;TRUE
3511;Norena;TRUE
3512;Nóri;TRUE
3513;Norina;TRUE
3514;Norka;TRUE
3515;Norma;TRUE
3516;Nova;TRUE
3517;Noveli;TRUE
3518;Nurbanu;TRUE
3519;Núria;TRUE
3520;Nyeste;TRUE
3521;Nyina;TRUE
3522;Oana;TRUE
3523;Odett;TRUE
3524;Odetta;TRUE
3525;Odil;TRUE
3526;Odília;TRUE
3527;Ofélia;TRUE
3528;Oktávia;TRUE
3529;Olena;TRUE
3530;Olga;TRUE
3531;Oliána;TRUE
3532;Olimpia;TRUE
3533;Olina;TRUE
3534;Olinda;TRUE
3535;Oliva;TRUE
3536;Olivia;TRUE
3537;Olívia;TRUE
3538;Opál;TRUE
3539;Opika;TRUE
3540;Ora;TRUE
3541;Orália;TRUE
3542;Orchidea;TRUE
3543;Orgona;TRUE
3544;Oriána;TRUE
3545;Orsi;TRUE
3546;Orsika;TRUE
3547;Orsolya;TRUE
3548;Oszvalda;TRUE
3549;Otília;TRUE
3550;Ottilia;TRUE
3551;Oxána;TRUE
3552;Ozora;TRUE
3553;Örsi;TRUE
3554;Örsike;TRUE
3555;Örzse;TRUE
3556;Õszike;TRUE
3557;Õzike;TRUE
3558;Pálma;TRUE
3559;Palmira;TRUE
3560;Paloma;TRUE
3561;Palóma;TRUE
3562;Pamela;TRUE
3563;Paméla;TRUE
3564;Pamína;TRUE
3565;Pandora;TRUE
3566;Pandóra;TRUE
3567;Panka;TRUE
3568;Panna;TRUE
3569;Panni;TRUE
3570;Parisza;TRUE
3571;Paszkália;TRUE
3572;Pasztorella;TRUE
3573;Patricia;TRUE
3574;Patrícia;TRUE
3575;Paula;TRUE
3576;Pauletta;TRUE
3577;Paulin;TRUE
3578;Paulina;TRUE
3579;Peggi;TRUE
3580;Pelágia;TRUE
3581;Pénelopé;TRUE
3582;Peónia;TRUE
3583;Peregrina;TRUE
3584;Perenna;TRUE
3585;Perla;TRUE
3586;Perpétua;TRUE
3587;Petra;TRUE
3588;Petrina;TRUE
3589;Petronella;TRUE
3590;Petrónia;TRUE
3591;Petúnia;TRUE
3592;Pilár;TRUE
3593;Pintyõke;TRUE
3594;Pipacs;TRUE
3595;Pippa;TRUE
3596;Pírea;TRUE
3597;Piri;TRUE
3598;Pirit;TRUE
3599;Piros;TRUE
3600;Piroska;TRUE
3601;Placida;TRUE
3602;Platina;TRUE
3603;Polda;TRUE
3604;Polett;TRUE
3605;Pólika;TRUE
3606;Polina;TRUE
3607;Polixéna;TRUE
3608;Polla;TRUE
3609;Polli;TRUE
3610;Pompília;TRUE
3611;Pompónia;TRUE
3612;Poppea;TRUE
3613;Primula;TRUE
3614;Priszcilla;TRUE
3615;Prudencia;TRUE
3616;Psziché;TRUE
3617;Ráchel;TRUE
3618;Rafaéla;TRUE
3619;Rafaella;TRUE
3620;Ragna;TRUE
3621;Ráhel;TRUE
3622;Rahima;TRUE
3623;Rajmonda;TRUE
3624;Rajmunda;TRUE
3625;Rákhel;TRUE
3626;Rákis;TRUE
3627;Raktimá;TRUE
3628;Ramina;TRUE
3629;Ramira;TRUE
3630;Ramóna;TRUE
3631;Rana;TRUE
3632;Rasdi;TRUE
3633;Rea;TRUE
3634;Rebeka;TRUE
3635;Rege;TRUE
3636;Regina;TRUE
3637;Réka;TRUE
3638;Relinda;TRUE
3639;Rella;TRUE
3640;Relli;TRUE
3641;Remény;TRUE
3642;Reményke;TRUE
3643;Réna;TRUE
3644;Renáta;TRUE
3645;Reni;TRUE
3646;Réta;TRUE
3647;Rezeda;TRUE
3648;Rézi;TRUE
3649;Ria;TRUE
3650;Riana;TRUE
3651;Rika;TRUE
3652;Ríka;TRUE
3653;Rikarda;TRUE
3654;Ripszima;TRUE
3655;Rita;TRUE
3656;Ritta;TRUE
3657;Riza;TRUE
3658;Roberta;TRUE
3659;Robertin;TRUE
3660;Robertina;TRUE
3661;Robina;TRUE
3662;Robinetta;TRUE
3663;Rodé;TRUE
3664;Rodelinda;TRUE
3665;Romána;TRUE
3666;Romi;TRUE
3667;Romina;TRUE
3668;Rominett;TRUE
3669;Romola;TRUE
3670;Rona;TRUE
3671;Ronett;TRUE
3672;Ronetta;TRUE
3673;Rovéna;TRUE
3674;Roxán;TRUE
3675;Roxána;TRUE
3676;Róz;TRUE
3677;Róza;TRUE
3678;Rózabella;TRUE
3679;Rozál;TRUE
3680;Rozali;TRUE
3681;Rozália;TRUE
3682;Rozalina;TRUE
3683;Rozalinda;TRUE
3684;Rózamari;TRUE
3685;Rozamunda;TRUE
3686;Rozanna;TRUE
3687;Rozi;TRUE
3688;Rózi;TRUE
3689;Rozina;TRUE
3690;Rozita;TRUE
3691;Rozmarin;TRUE
3692;Rozmaring;TRUE
3693;Rozvita;TRUE
3694;Rózsa;TRUE
3695;Rózsi;TRUE
3696;Röné;TRUE
3697;Rubi;TRUE
3698;Rubin;TRUE
3699;Rubina;TRUE
3700;Rubinka;TRUE
3701;Rudolfina;TRUE
3702;Rufina;TRUE
3703;Rúna;TRUE
3704;Ruperta;TRUE
3705;Ruszalka;TRUE
3706;Ruszlána;TRUE
3707;Rut;TRUE
3708;Ruti;TRUE
3709;Ruzsinka;TRUE
3710;Rüja;TRUE
3711;Sába;TRUE
3712;Sáfély;TRUE
3713;Sáfrány;TRUE
3714;Sakira;TRUE
3715;Sakti;TRUE
3716;Salomé;TRUE
3717;Salóme;TRUE
3718;Samuella;TRUE
3719;Sanel;TRUE
3720;Santál;TRUE
3721;Santel;TRUE
3722;Sára;TRUE
3723;Sári;TRUE
3724;Sarlott;TRUE
3725;Sárlott;TRUE
3726;Sárma;TRUE
3727;Sármen;TRUE
3728;Sarolt;TRUE
3729;Sarolta;TRUE
3730;Sáron;TRUE
3731;Seherezádé;TRUE
3732;Seila;TRUE
3733;Sejda;TRUE
3734;Sejla;TRUE
3735;Sekina;TRUE
3736;Seli;TRUE
3737;Senon;TRUE
3738;Sera;TRUE
3739;Serihen;TRUE
3740;Seron;TRUE
3741;Sifra;TRUE
3742;Sirá;TRUE
3743;Siváni;TRUE
3744;Skolasztika;TRUE
3745;Stefánia;TRUE
3746;Stefi;TRUE
3747;Stella;TRUE
3748;Sudár;TRUE
3749;Sudárka;TRUE
3750;Sugár;TRUE
3751;Sugárka;TRUE
3752;Suki;TRUE
3753;Szabella;TRUE
3754;Szabina;TRUE
3755;Szabrina;TRUE
3756;Szaffi;TRUE
3757;Szafia;TRUE
3758;Szafira;TRUE
3759;Szalima;TRUE
3760;Szalóme;TRUE
3761;Szalvia;TRUE
3762;Szamanta;TRUE
3763;Szamia;TRUE
3764;Szamira;TRUE
3765;Szamóca;TRUE
3766;Szandra;TRUE
3767;Szangítá;TRUE
3768;Szániva;TRUE
3769;Szanna;TRUE
3770;Szantána;TRUE
3771;Szantina;TRUE
3772;Szaraszvati;TRUE
3773;Szaszkia;TRUE
3774;Száva;TRUE
3775;Szavanna;TRUE
3776;Szavéta;TRUE
3777;Szavina;TRUE
3778;Szávitri;TRUE
3779;Szébra;TRUE
3780;Szeder;TRUE
3781;Szederke;TRUE
3782;Szedra;TRUE
3783;Szegfû;TRUE
3784;Szeléna;TRUE
3785;Szelina;TRUE
3786;Szelli;TRUE
3787;Szellõ;TRUE
3788;Szellõke;TRUE
3789;Szelma;TRUE
3790;Szemerke;TRUE
3791;Szemira;TRUE
3792;Szemirámisz;TRUE
3793;Szemõke;TRUE
3794;Szende;TRUE
3795;Szendi;TRUE
3796;Szendike;TRUE
3797;Szendile;TRUE
3798;Szengláhák;TRUE
3799;Szénia;TRUE
3800;Szenta;TRUE
3801;Szépa;TRUE
3802;Szépe;TRUE
3803;Szera;TRUE
3804;Szerafina;TRUE
3805;Szeréna;TRUE
3806;Szerénke;TRUE
3807;Szerkõ;TRUE
3808;Szevda;TRUE
3809;Szeverina;TRUE
3810;Szibell;TRUE
3811;Szibella;TRUE
3812;Szibill;TRUE
3813;Szibilla;TRUE
3814;Szidalisz;TRUE
3815;Szidi;TRUE
3816;Szidónia;TRUE
3817;Sziéna;TRUE
3818;Sziglind;TRUE
3819;Szilárda;TRUE
3820;Szille;TRUE
3821;Szilva;TRUE
3822;Szilvána;TRUE
3823;Szilvesztra;TRUE
3824;Szilvi;TRUE
3825;Szilvia;TRUE
3826;Szimin;TRUE
3827;Szimka;TRUE
3828;Szimóna;TRUE
3829;Szimonett;TRUE
3830;Szimonetta;TRUE
3831;Szindi;TRUE
3832;Színes;TRUE
3833;Szinta;TRUE
3834;Szintia;TRUE
3835;Szira;TRUE
3836;Szíra;TRUE
3837;Szirén;TRUE
3838;Sziri;TRUE
3839;Sziringa;TRUE
3840;Szirka;TRUE
3841;Szirom;TRUE
3842;Szironka;TRUE
3843;Szítá;TRUE
3844;Szivárvány;TRUE
3845;Szixtin;TRUE
3846;Szixtina;TRUE
3847;Szkarlett;TRUE
3848;Szkilla;TRUE
3849;Szmirna;TRUE
3850;Szofi;TRUE
3851;Szofia;TRUE
3852;Szófia;TRUE
3853;Szofiana;TRUE
3854;Szofiána;TRUE
3855;Szofianna;TRUE
3856;Szofinett;TRUE
3857;Szofrónia;TRUE
3858;Szohéila;TRUE
3859;Szolanzs;TRUE
3860;Szona;TRUE
3861;Szonja;TRUE
3862;Szonóra;TRUE
3863;Szoraja;TRUE
3864;Szorina;TRUE
3865;Szörénke;TRUE
3866;Sztavrula;TRUE
3867;Sztefani;TRUE
3868;Sztella;TRUE
3869;Sztilla;TRUE
3870;Szulamit;TRUE
3871;Szulejka;TRUE
3872;Szulikó;TRUE
3873;Szulita;TRUE
3874;Szultána;TRUE
3875;Szurina;TRUE
3876;Szüntüké;TRUE
3877;Szüvellõ;TRUE
3878;Szvetlana;TRUE
3879;Szvetlána;TRUE
3880;Tábita;TRUE
3881;Tácia;TRUE
3882;Taciána;TRUE
3883;Taisza;TRUE
3884;Tália;TRUE
3885;Talita;TRUE
3886;Tallula;TRUE
3887;Támár;TRUE
3888;Tamara;TRUE
3889;Tamina;TRUE
3890;Tamira;TRUE
3891;Tanázia;TRUE
3892;Tanita;TRUE
3893;Tánya;TRUE
3894;Tara;TRUE
3895;Tarzícia;TRUE
3896;Tatjána;TRUE
3897;Tavasz;TRUE
3898;Tavaszka;TRUE
3899;Tea;TRUE
3900;Tegza;TRUE
3901;Tekla;TRUE
3902;Telka;TRUE
3903;Telma;TRUE
3904;Témisz;TRUE
3905;Téna;TRUE
3906;Ténia;TRUE
3907;Teobalda;TRUE
3908;Teodolinda;TRUE
3909;Teodóra;TRUE
3910;Teodózia;TRUE
3911;Teofánia;TRUE
3912;Teofila;TRUE
3913;Teónia;TRUE
3914;Tercia;TRUE
3915;Teréz;TRUE
3916;Tereza;TRUE
3917;Teréza;TRUE
3918;Terézia;TRUE
3919;Teri;TRUE
3920;Terka;TRUE
3921;Tertullia;TRUE
3922;Tessza;TRUE
3923;Tétisz;TRUE
3924;Tia;TRUE
3925;Tiana;TRUE
3926;Tiána;TRUE
3927;Tiara;TRUE
3928;Tícia;TRUE
3929;Ticiána;TRUE
3930;Tifani;TRUE
3931;Tikva;TRUE
3932;Tilda;TRUE
3933;Tília;TRUE
3934;Tilla;TRUE
3935;Tímea;TRUE
3936;Timona;TRUE
3937;Timótea;TRUE
3938;Tina;TRUE
3939;Tinetta;TRUE
3940;Tinka;TRUE
3941;Tira;TRUE
3942;Tíra;TRUE
3943;Tirca;TRUE
3944;Tíria;TRUE
3945;Tirza;TRUE
3946;Titánia;TRUE
3947;Titanilla;TRUE
3948;Titti;TRUE
3949;Tittína;TRUE
3950;Tóbia;TRUE
3951;Tomázia;TRUE
3952;Tomazina;TRUE
3953;Topáz;TRUE
3954;Toszka;TRUE
3955;Triniti;TRUE
3956;Triszta;TRUE
3957;Trixi;TRUE
3958;Trudi;TRUE
3959;Túlia;TRUE
3960;Tulipán;TRUE
3961;Tullia;TRUE
3962;Tünde;TRUE
3963;Tündér;TRUE
3964;Tündi;TRUE
3965;Tûzvirág;TRUE
3966;Uljána;TRUE
3967;Ulla;TRUE
3968;Ulrika;TRUE
3969;Úna;TRUE
3970;Uránia;TRUE
3971;Urbána;TRUE
3972;Urszula;TRUE
3973;Urzula;TRUE
3974;Urzulina;TRUE
3975;Uzonka;TRUE
3976;Üdvöske;TRUE
3977;Üne;TRUE
3978;Ünige;TRUE
3979;Ünõke;TRUE
3980;Vadvirág;TRUE
3981;Valencia;TRUE
3982;Valentina;TRUE
3983;Valéria;TRUE
3984;Valetta;TRUE
3985;Valina;TRUE
3986;Vanda;TRUE
3987;Vanessza;TRUE
3988;Vanília;TRUE
3989;Vanilla;TRUE
3990;Varínia;TRUE
3991;Vásti;TRUE
3992;Vaszilia;TRUE
3993;Vaszília;TRUE
3994;Vasziliki;TRUE
3995;Veca;TRUE
3996;Véda;TRUE
3997;Vélia;TRUE
3998;Velmira;TRUE
3999;Vendelina;TRUE
4000;Vénusz;TRUE
4001;Vera;TRUE
4002;Veránka;TRUE
4003;Verbéna;TRUE
4004;Veréna;TRUE
4005;Verita;TRUE
4006;Verka;TRUE
4007;Verna;TRUE
4008;Veron;TRUE
4009;Verona;TRUE
4010;Veronika;TRUE
4011;Veronka;TRUE
4012;Veselke;TRUE
4013;Veszna;TRUE
4014;Veszta;TRUE
4015;Véta;TRUE
4016;Vetti;TRUE
4017;Vetúria;TRUE
4018;Via;TRUE
4019;Vica;TRUE
4020;Viki;TRUE
4021;Vikta;TRUE
4022;Viktória;TRUE
4023;Viktorina;TRUE
4024;Vilászini;TRUE
4025;Vilhelma;TRUE
4026;Vilhelmina;TRUE
4027;Vilja;TRUE
4028;Villõ;TRUE
4029;Vilma;TRUE
4030;Vilora;TRUE
4031;Vilté;TRUE
4032;Vincencia;TRUE
4033;Viola;TRUE
4034;Violenta;TRUE
4035;Violet;TRUE
4036;Violett;TRUE
4037;Violetta;TRUE
4038;Viorika;TRUE
4039;Virág;TRUE
4040;Virgília;TRUE
4041;Virgínia;TRUE
4042;Víta;TRUE
4043;Vitália;TRUE
4044;Vitolda;TRUE
4045;Vivi;TRUE
4046;Viviána;TRUE
4047;Vivianna;TRUE
4048;Vivien;TRUE
4049;Vivika;TRUE
4050;Vrinda;TRUE
4051;Vrindávani;TRUE
4052;Vulfia;TRUE
4053;Xavéria;TRUE
4054;Xénia;TRUE
4055;Xenodiké;TRUE
4056;Zada;TRUE
4057;Zádorka;TRUE
4058;Zafira;TRUE
4059;Zahara;TRUE
4060;Zahira;TRUE
4061;Zaina;TRUE
4062;Zája;TRUE
4063;Zakária;TRUE
4064;Zalánka;TRUE
4065;Záli;TRUE
4066;Zamfira;TRUE
4067;Zamina;TRUE
4068;Zamira;TRUE
4069;Zamíra;TRUE
4070;Zana;TRUE
4071;Zara;TRUE
4072;Zarina;TRUE
4073;Zazi;TRUE
4074;Zdenka;TRUE
4075;Zea;TRUE
4076;Zéfi;TRUE
4077;Zefira;TRUE
4078;Zejna;TRUE
4079;Zejnep;TRUE
4080;Zéla;TRUE
4081;Zelda;TRUE
4082;Zélia;TRUE
4083;Zelina;TRUE
4084;Zelinda;TRUE
4085;Zelinde;TRUE
4086;Zeline;TRUE
4087;Zelinke;TRUE
4088;Zelka;TRUE
4089;Zella;TRUE
4090;Zelli;TRUE
4091;Zelma;TRUE
4092;Zelmira;TRUE
4093;Zena;TRUE
4094;Zenge;TRUE
4095;Zengõ;TRUE
4096;Zenina;TRUE
4097;Zenke;TRUE
4098;Zenkõ;TRUE
4099;Zenna;TRUE
4100;Zenóbia;TRUE
4101;Zenta;TRUE
4102;Zeta;TRUE
4103;Zetta;TRUE
4104;Zetti;TRUE
4105;Zia;TRUE
4106;Ziara;TRUE
4107;Zília;TRUE
4108;Zille;TRUE
4109;Zimra;TRUE
4110;Zina;TRUE
4111;Zinaida;TRUE
4112;Zinajda;TRUE
4113;Zinka;TRUE
4114;Zita;TRUE
4115;Ziva;TRUE
4116;Ziza;TRUE
4117;Zizi;TRUE
4118;Zlata;TRUE
4119;Zoárda;TRUE
4120;Zoé;TRUE
4121;Zohara;TRUE
4122;Zoja;TRUE
4123;Zója;TRUE
4124;Zolna;TRUE
4125;Zoltána;TRUE
4126;Zomilla;TRUE
4127;Zonera;TRUE
4128;Zonga;TRUE
4129;Zora;TRUE
4130;Zóra;TRUE
4131;Zorina;TRUE
4132;Zorinka;TRUE
4133;Zorka;TRUE
4134;Zosja;TRUE
4135;Zöldike;TRUE
4136;Zulejka;TRUE
4137;Zsadányka;TRUE
4138;Zsaklin;TRUE
4139;Zsáklin;TRUE
4140;Zsálya;TRUE
4141;Zsana;TRUE
4142;Zsanett;TRUE
4143;Zsanin;TRUE
4144;Zsanina;TRUE
4145;Zsanka;TRUE
4146;Zsanna;TRUE
4147;Zsazsa;TRUE
4148;Zsázsa;TRUE
4149;Zsejke;TRUE
4150;Zselinke;TRUE
4151;Zsella;TRUE
4152;Zselyke;TRUE
4153;Zseni;TRUE
4154;Zseraldin;TRUE
4155;Zseráldin;TRUE
4156;Zseraldina;TRUE
4157;Zsinett;TRUE
4158;Zsófi;TRUE
4159;Zsófia;TRUE
4160;Zsófianna;TRUE
4161;Zsóka;TRUE
4162;Zsolna;TRUE
4163;Zsorzsett;TRUE
4164;Zsuzsa;TRUE
4165;Zsuzsanna;TRUE
4166;Zsuzsánna;TRUE
4167;Zsuzsi;TRUE
4168;Zsuzska;TRUE
4169;Zsüliett;TRUE
4170;Zsüsztin;TRUE
